word,meaning
abadī,forever
abadī, endless
abadī, everlasting
abadī, eternally
abadī, perpetually
abadī, evermore
abadī, unceasingly
abdāl,Saint
abdāl, devotee
abdāl, religious person
abal,weak person
abal, have no strength
abrār,holy men
ablι,idiot
ablι, stupid
ablι, foolish
abalvōn,inception of disease
abalvōn, beginning
abalvōn, commencement
abalvōn, initiation
abalvōn, the beginning of something
abrī,a kind of colourful paper for wrapping which is used in binding books
abtar,spoiled
abtar, miserable
abtar, be thrown in disorder
abtar, ruined
abtar, destitute
acānak,chance
acānak, unknowing
acānak, sudden
acānak, hasty
acānak, unexpected
acānak, abrupt
abə̄sι,a name of a kind of flowering plant
abə̄sι, light red colour resembling to colour of a kind of flowering plant
acōv,the calf of a cow who has not given milk
abuz,not roasted
abuz, unprocessed as before a fire or an oven
abyās,practice
abyās, diligent practice
abyās, application
abyās, a habitual practice
ackan,tight long coat with full buttons in front
ackan, achkan
acʰōw,half-done
acʰōw, uncooked
acʰōw, partially cooked
acʰā,& adj. good
acʰā, excellent
acʰā, sound pleasing
acʰā, agreeable
acʰā, virtuous
acʰā, correct
acʰā, genuine
adā karun,be paid
adā karun, be done
adā karun, be performed
adā karun, be expressed
adā,elegance
adā, graceful
adā, manners
adā, coquetry
adā,payment
adā, execution
adā, performance
adā, accomplishment
adιbιsān,respectfully
adιbιsān, politely
adιbιsān, civilly
adιbιsān, considerately
acʰival,proper name of tourist place in Kashmir
adab,good manners
adab, courteousness
adab, politeness
adab, manners
adab, courtesy
adab, etiquette
adab, civility
adākār,actor
adālat,court of justice
adal,alteration
adal, exchange
adal, vice versa
absun,to twist thread
absun, cord
absun, or rope
adākə̄rī,acting
adalι badal,instead
adalι badal, as an alternative
adalι badal, as a substitute
adalι badal, in its place
adārι,institution
adārι, organization
adārι, department
adārι, administration
adārι, establishment
adι,then
adι, afterward
adι, it follows that
adι kar,at what time
adnā,base-born mean
adι kǝti,then at which place
adsā,good
adsā, yes
adsā, well
adsā, fine
adsā, alright
adι kus,then who
abas,vanity
abas, absurdity
abas, trifling
abad,eternity
abad, time without end
aḍ,half
aḍ, mid
aḍ, semi
aḍ, often signifying a portion
advapōr,on other side
advapōr, cross
advapōr, to one side
aḍcʰōv,uncooked
aḍvāns,advance
aḍι dod,half-burnt
aḍlʸok,defective
aḍlʸok, faulty
aḍlʸok, imperfect
aḍlʸok, inadequate
aḍlʸok, lacking
aḍlʸok, incomplete
aḍι brok,half-grinded
aḍι cʸōr,halfwit
aḍι cʸōr, stupid
aḍι cʸōr, lunatic
aḍι ōm,incomplete
aḍι ōm, half-done
aḍι ōm, half-prepared
aḍι ōm, half-baked
aḍι ōm, half-dressed
aḍι buz,half-roasted
aḍιkol,one who stammer
aḍιkol, to pause or falters in speaking
aḍι pop,unripe
aḍι pop, incomplete
aḍι pop, immature
aḍιmōr,grievous bodily harm by severe and repeated blows and kicks
aḍḍι,stand
aḍḍι, stop
aḍḍι, station
aḍḍι, (air)port
aḍamzaḍ,not used to best advantage
aḍamzaḍ, very little
aḍamzaḍ, used regarding the partial return of something deposited
afgə̄n,one from Afghanistan
aḍιwot,midway between two points
aḍιwot, half-way
aḍιpʰol,shrink
aḍιpʰol, decrease
aḍιpʰol, undeveloped
aḍιpʰol, do not come into flower
aḍιʦot,one who has died at very young age
afgān,name of a country
afgān, Afghanistan
aflātōn,plato- name of a very famous Greek philosopher
aflātōn, boaster
afsānι,short story
afsānι, fiction
afsānι, concocted story
afrā-tafrī,hurly-burly
afrā-tafrī, hurry-scurry
afrā-tafrī, confusion
afrā-tafrī, chaos
afsūs,alas
afsūs, sorrow
afsūs, woe
afsūs, distress
afsūs, trouble
afsūs, remorse
afsūs, repentance
afvah,rumor
afvah, doubt
afsar,officer
afsar, official
afsar, executive
afsar, administrator
afvā pʰə̄lāwun,to rumor
afvā pʰə̄lāwun, hearsay
afvā pʰə̄lāwun, gossip
afvā pʰə̄lāwun, town-talk
afvə̄y,person who is spreading rumor
afšāⁿ,tinsel
afšāⁿ, bedecking face
afšāⁿ, hair etc
afzal,excellent
afzal, supreme
afzal, outstanding
afzal, brilliant
agarci,even if
agarci, even though
agarci, although
agan bōṭ,motor-boat
agan bōṭ, speed-boat
agan bōṭ, power-boat
agar nι,if not
agar nι, unless
agar,although
agar, if
agar, in case
agə̄r,stranger
agə̄r, unfamiliar
agrāz,pl of garιz
agrāz, aim
agrāz, motive
agrāz, object
agrāz, purpose
agrāz, intension
agrāz, concern
agast,August
agar magar,hesitation
agar magar, excuses
agar magar, ifs and buts
agun,dense
agun, dark
agun, opaque
agur kul,a kind of plant
ah,(numerically; used as affix) about
ah, approximately
ah, roughly
ah, nearly
ah, not far off from
ah,sigh
ah, exhale noisily
agvā,abduction
agvā, kidnap
agvā, enticement
agə̄fil,inattentive
agə̄fil, unmindful
agə̄fil, negligent
agə̄fil, remiss
agur kaṭʰ,wood of ‘agur kul’
ahadnāmι,treaty
ahadnāmι, agreement
ahadnāmι, contract
ahadnāmι, settlement
ahamdī,name of a sect in Muslim community
ahad karun,swear
ahad karun, give your word
ahad karun, promise
ahansa,yes
ahansa, why not?
ahansa, okay
ahmak,thick skulled
ahmak, very foolish
ahmak, silly
ahmak, dunce
ajdād,one from whom a person is descended
ajdād, a forefather something regarded as a forerunner
ahtiyāt,vigilance
ahtiyāt, watchfulness
ahtiyāt, care
ahtiyāt, caution
ahtiyāt, attention
ahtiyāt, observation
ahtiyāt, alertness
ahtiyāt, awareness
ajant,a person that acts or has influence
ajal,death
ajal, decease
ajal, mortality
ajerʸ,benefit from good deeds
ajhal,most ignorant
ajhal, ignoramus
ajhal, dunce
ajnǝbī,stranger
ajnǝbī, foreigner
ajnǝbī, alien
ajīb,magnificent
ajīb, superb
ajīb, fantastic
ajīb, amazing
ajvǝnʸ,a spice of dill
ajvǝnʸ, dill seed
akaḍ,pride
akaḍ, stiffness
akaḍ, vanity
akaḍ, arrogance
akādmī,academy
akaḍī,proud
akaḍī, haughty
akaḍī, arrogant
akāl,timeless
akāl, eternal
akāl, God’s attribute
akbar,& n.m. greatest
akbar, supreme
akbar, appellation of a Great Mughal
akbar, a male Muslim name
akis,article very frequently employed as an indefinite article
aki laṭi,once
aki laṭi, one time
aki laṭi, just the once
aki pʰiri,once
aki pʰiri, one time
aki pʰiri, just the once
akιl,intelligence
akιl, wisdom
akιl, sense
akliwarǝy,foolish
akliwarǝy, stupid
akliwarǝy, irrational
aklirust,foolish
aklirust, stupid
aklirust, irrational
akliyet,least
akliyet, minimum
aklι-bakl,do something foolish
aklι-bakl, take a wrong decision
akor,un-boiled
akor, un-sterilized
akot,un-spun
aksǝryēt,majority
aksīr,remedy
aksīr, panacea
aksīr, alchemy
aktūbar,October
akun,exhausted
akun, tired
akun, weary
akιbī,alternately
akιbī, repeated after a day’s gap
akιbī, occurring in turns
akūⁿtaⁿt,accountant
aksar,mostly
aksar, frequently
aksar, often
akιhārι,gym
akιhārι, fitness centre
akιhārι, arena
akιhot,perplexed
akιhot, confused
akιhot, disturbed
akιhə̄ṭʰ,sixty-one
akιhə̄ṭʰʸum,sixty-first
akιnandun,the only-son
akιnǝmatʰ,ninety-one
akιsattatʰ,seventy-one
akιnǝmtihʸum,ninety-first
akιšītʰ,eighty-one
akιsatihʸum,seventy-first
akιšītihum,eighty-first
akιtrιh,thirty- one
akιtə̄ji,forty-one
akιtrῑhyum,thirty-first
akιtə̄jihiyum,forty-first
akιvanzah,fifty-one
akιvanzihiyum,fifty-first
akιvoh,twenty-one
akʰ akis pʸeṭʰ,one after the other
akʰ akis pʸeṭʰ, continuous
akʰ akis pʸeṭʰ, end-to-end
akʰ akʰ,distributively
akʰ akʰ, one each
akʰ akʰ, one another
akιvohiyum,twenty-first
akʰ akis madǝtʰ karān,help one another
akʰ akis,one another
akʰ akis, similarly
akʰlāk,manners
akʰlāk, ethics
akʰlāk, virtues
akʰlāk, morality
akʰ,one
akʰ pʰʸūr,droplet
akʰbārnǝvīs,new writer
akʰbār nǝvīsī,journalism
akʰbār nǝvīsī, profession of working journalist
akʰrājāt,expenses
akʰrājāt, charges
akʰrājāt, costs
akʰrājāt, disbursement
akʰbār,newspaper
al,bitter-guard
alag kun,aside
alag kun, to one side
alag kun, away
alag kun, apart
alag kun, out-of-the-way
alāb,syncopate
alāb, synchronize
alāb, bring in to line
alāb, orchestrate
alāb, harmonize
alāb, tone
alag alag,various
alag alag, a variety of
alag alag, a range of
alag alag, diverse
alag,distinct
alag, separate
alag, different
alag, individual
alag, clear
alabdι,signature
alabdι, autograph
alabdι, name
amb,mango
amb kul,mango tree
alam,flag
alākι,location
alākι, estate
alākι, land
alākι, domain
alāv,a fire in a pit in the open
alāv, a bonfire
alfāz,words
alfāz, vocabulary
alfāz, expressions
alārām,alarm
alārām, automatic device to arouse from sleep
alāvι,extra
alāvι, additional
alāvι, spare
alāvι, second
alāvι, superfluous
albatǝ,however
albatǝ, although
albatǝ, even though
algə̄b,by chance
algə̄b, all of sudden
algə̄b, unknowing
algə̄b, unawares
alim,knowledge
alim, wisdom
alim, education
ališ,linseed
alkʰǝnās ʦʰιnun,superstitious
alkʰǝnās ʦʰιnun, fearful
alkʰǝnās ʦʰιnun, visionary
alkʰǝnās aʦun,scared
alkʰǝnās aʦun, afraid
aljabrā,algebra
alkāb,title
alkāb, appellation
allah allah kʰə̄r sǝlah,thank God it is all over
allah allah kʰə̄r sǝlah, that was end to it
alkʰǝnās,fear
alkʰǝnās, superstition
alkʰǝnās, apprehend
alkʰǝnās, doubt
alkʰǝnās, anxiety
aliιtīl,linseed oil
allah allah karun,take the name of God
allah allah karun, fear God
allah allah karun, with great difficulty
allah hu,& phrase worship God
allah,āllah
allah, God
allahu-akbǝr,my goodness
almās,diamond
almə̄r,cabinet
almə̄r, cupboard
alnāwun,to shake
alnāwun, shiver
alnāwun, shudder
alsēṭʰʸ,big
alsēṭʰʸ, fat
alsēṭʰʸ, overweight
alsēṭʰʸ, round
alsēṭʰʸ, heavy
alιvōⁿt,hang
alιvōⁿt, drape
alιvōⁿt, droop
altʰān,pub
altʰān, bar
altʰān, tavern
alēkʸšan,election
alēkʸšan, voting
alι alι,shivering
alι alι, shaking
alι bə̄l,idiot
alι bə̄n,a plough
alι gǝḍ malι gǝḍ tulin,make a noise
alι gǝḍ malι gǝḍ tulin, disturb
alι gǝḍ malι gǝḍ tulin, hoot
alι gǝḍ malι gǝḍ tulin, clamour
alι gogōs,swing
alι gogōs, a cradle
alι gogōs, the swing rope
alι pal,near
alι pal, resembling
alι pʰāl,ploughshare
alι trāⁿgιr,large family
alι trāⁿgιr, encumbrance
alι trāⁿgιr, heavy work
alιvān,shawl of wool of endangered goat called pǝšmīna
alι,shake
alι, quake
alι, tremble
alι kul,gourd tree
amā,but
amā, other than
amā, however
amā, although
amal karin,abide by
amal karin, act in accordance with
amal karin, fulfill
amal karin, obey
aman,harmony
amānat,buildup
amānat, leave
amānat, behind
amānat, lay down
amānat, deposit
amə̄n jǝhāz,ship
and,border
and, limit
and, margin
and, rim
and, edging
and, perimeter
and, circumference edge
andar yun,to enter
andar,& prep. within
andar, inside
andar, in
andar, contained by
andar, indoors
andar, at home
andar, inwards
andar, arrived
andar kun,inwards
andar kun, at home
andar kun, indoors
andēšι,apprehension
andēšι, fearfulness
andιrust,endless
andιrust, continual
andιrust, nonstop
andιrust, never-ending
aŋ,skin type in reference to heeling of wound
angrēz,English
anigaṭι,night
anigaṭι, dark
anigaṭι, dusk
animι,rice-gruel
animι, starch
anjām warə̄y,without conclusion
anjām,end
anjām, conclusion
anjām, last part
anjām, ending
angrēzi,English language
anhǝriš,virgin
anun,to bring
anun, carry
anun, take
anun, fetch
anun, transport
anwār,turn
anwār, rotation
anwār, change
anwār, service
anwār, shifts
ant,end
ant, finish
ant, ending
apāri,on the other side
apāri, sideways
apāri, to the other side
apōr,across
apōr, crosswise
apōr, on the cross
apok,unripe
apok, not ready to be eaten or harvested
apok, immature
apīl,an appeal in the law-courts
apōr yepōr,both the sides
apōr yepōr, one and the other also
apōr tarun,go across
apōr tarun, cross
apotur,childless
apotur, barren
apotur, sterile
apotur, infertile
apotur, unfruitful
aprād,sin
aprād, an offense
aprād, a misdeed
aprād, a fault
aprād, a wicked act
apsarā,very attractive women or girl
aprēl,april
aprēl, fourth month of the year having thirty days
apuzdǝrī,perjury
apuzdǝrī, false swearing
aprēšem,a surgical procedure
aprēšem, operation
apuz wanun,to lie
apuz,lying
apuz karun,lie
apuz karun, incorrect
apuz karun, an untrue statement made with intent to deceive
apuz karun, something that deceive or mislead
aputι,dirty
aputι, filthy
aputι, unclean
aputι, not new
apιzʸōr,one who lies or deceives or mislead others
apιzʸōr, liar
apə̄ryum,from one side to other
apə̄ryum, on the other side
apʰιrā tʰapʰarī,haltingly
apʰιrā tʰapʰarī, confusions
apʰιrā tʰapʰarī, muddle
apʰιrā tʰapʰarī, bewilderment
apʰarvaṭ,a name of a hill in Kashmir
arab,Arab
arab, Arabia
apʰur,titillating
apʰur, mischievous
arabī,Arabian
aram,wisdom tooth
aram, molar tooth
arbāb,owners
arbāb, proprietors
arbāb, lords
arbāb, member
arbutʰ,pull a long face
arcǝkʰ,handcuff
arcǝkʰ, either of a pair of connected steel rings for shackling the wrist of a prisoner
ardābι,feed comprising of grind corn for animals
ardə̄l,orderly
ardə̄l, peon
arer kāsun,laid waste
arer kāsun, corrupt
arer kāsun, depraved
arfι,major Haj day
arfι, day before sacrificial Eid
arfι, day preceding either Eid
arer,sound healthy
arer, good condition
arer, good relation
argaj,a perfume made from sandalwood
argaj, rose
argaj, saffron
argaj, musk
arhar,a kind of pulse
arhar, arhar
arhə̄ṭʰ,sixty-eight
arjent,urgent
arjent, calling for immediate attention
arhῑṭʰʸum,sixty-eighth
armān,wish
armān, desire
armān, wistfulness
armān, longing
armān, yearning
arnamatʰ,ninety-eight
arnamtιhum,ninety-eighth
arsah,period
arsah, interval
arsah, space of time
arsah, duration
arnιkāl,& n. suffers or bears pain
arnιkāl, run down by misfortune
arsǝtatʰ,seventy-eight
arsǝtʸum,seventy-eighth
artal,golden-paper
artal, silver-paper
aršīttʸum,eighty-eighth
aršīt,eighty-eight
artrιh,thirty-eight
ahrι,fear
ahrι, threat
ahrι, danger
artʰātʰ,in this way
artʰātʰ, so
artʰātʰ, therefore
artʰ,meaning
artʰ, sense
artʰ, significance
artʰ, purpose
artʰ, significance
artʰ, intention
artʰ, meaning
artʰ, implication
artrιhʸum,thirty-eighth
arʦan,Hindu worship
arʦan, a Hindu religious worship
arʦan, idol worship
arʦun,to do worship
arun retʰ,evening star
arun retʰ, morning star
arun retʰ, Venus
arιvarι,from one end to other
arιvarι, pierced through across
arvanzehʸum,fifty-eighty
arvanzah,fifty-eight
arz karanwōl,suppliant
arz,appeal
arz, petition
arz, formally request
arz, request
arιdah,& adj. eighteen
arι,act of pulling or being pulled
arι, a tug
arιdə̄hʸum,eighteenth
arιš,the empyrean
arιš, throne
arιš, high
arιtə̄jih,forty-eight
arιtə̄jihʸum,forty-eighth
arι,creaking of wood
arιz karun,request
arιz karun, representation
arιz karun, petition
asalāmu-alə̄kum,greeting expression in Muslims
as,to emit explosive inarticulate vocal sounds expressive of amusement
as, joy or derision
asān asān,gladly
asān asān, happily
asbāb,baggage
asbāb, luggage
asbāb, belongings
asbāb, cases
asar,mark
asar, impression
asar, influence
asar, effect
asar, trace
asan kʰaⁿgālι,laughter
asan kʰaⁿgālι, big smile
asan kʰaⁿgālι, burst with laughter
asan kʰaⁿgālι, jest
asan kʰaⁿgālι, ridicule
asatʰ,an untrue statement made with intent to deceive
asatʰ, something that deceives or misleads
asbarag,a kind of flower
asbǝ,a kind of white colour bee
asɔndǝr,ugly
asɔndǝr, unattractive
asɔndǝr, unappealing
asɔndǝr, unlikable
asιl,noble
asιl, polite
asǝl zāt,caste
asǝl zāt, class
asǝl zāt, origin
asǝl zāt, background
asǝl zāt, kind
absāwun,to twist thread
asambιlī,assembly
asambιlī, in democratic country members of legislative assembly are being assembled
ashāb,companions (of the Holy Prophet)
ashāb, friends
ashāb, comrade
aslī,reality
aslī, basic facts about origin
aslī, genuineness
aslī, authentic
aslī, purity
aslāf,forefathers
aslāf, ancestors
aslāf, progenitors
asmān,the sky
asmān, the apparent vault over the earth
asmēn,sky blue colour
asmə̄n ǝnz,a bird
asmə̄n ǝnz, crane
asmə̄n ǝnz, a large wading bird with very long legs and neck
asmə̄n balāy,devastation
asmə̄n balāy, destruction
asōsēšǝn,association
asōsēšǝn, society
asōsēšǝn, union
asōsēšǝn, assembly
astān,shrine
astān, holy place
astān, memorial
astar,donkey
astǝr,the lining of a garment
astʰ,setting of sun
astʰ, moon
astʰ, star etc
astʰ,
asun trāvun,to laugh
astι,cubit
astι, an ancient measure of about 18 inch
astι, the forearm from the elbow to the wrist
asvad,& n. black
asvad, negro
asun,smile
asun, beam
asun, grin
asūr,infinite
asūr, an unlimited number
asūr, quantity
asūr, or time period; inestimable
asūr, immeasurable
asūr, vast
asūr, immense
astι astι,slowly
astι astι, unhurriedly
astι astι, bit by bit
asə̄m,client
asə̄m, customer
asə̄m, shopper
asə̄m, buyer
asə̄m, purchaser
asə̄m, patron
asʸuv,unboiled
asʸuv, uncooked
ašarfī,gold coin
ašarfī, gold coin worth 16 rupees
asιvun,cheerful
asιvun, merry
asιvun, jocose
ašɔn,auspicious moment in Hindu belief
ašid,September
ašrāf,nice people
ašrāf, gentleman
ašrāf, the high-born
ašrāf, aristocracy
ašrāf, noble
aškι,bone joint
ašṭι,eight
agun,fire
ašṭǝmī,eighth day of Hindu month
ašrǝful makʰlōkāt,mankind
ašrǝful makʰlōkāt, man (most eminent of the created beings)
ašud,a kind of medicine for eye disease
astι,secretly
astι, on the sly
astι, slowly
ašub,uproar
ašub, ill-luck
ašub, tempest
ašub, disturbance
ašub, tumult
ašvǝl,prostitute
ašvǝl, characterless woman
atur,a blunder
atur, lacking grace to do something
atur, error
atur, mistake
atvār,conduct
atvār, behaviour
atvār, ways
atvār, manners
atvār, practice
atvār, customs
atrāf,direction
atrāf, side
atrāf, extremities
atrāf, environs
atrāf, outpost
atrāf, suburbs
ati,there
ati, that place or point
ati, thereabout
atrə̄f,extravagant person
atrə̄f, prodigal
atrə̄f, spendthrift
aṭam bam,atom bomb
atʰ,with
atʰ, denotes nearness or agreement
atʰarvēd,one of the Hindu scriptures (Hindu Metaphysics Vedanta)
atʰuk,anything which is done with hands like handicraft
atʰι anun,to withdraw
atʰι anun, to draw back or away
atʰι anun, to retract
atʰι bāji,musical instrument
atʰι bāji, harmonium
atʰι palzun,help
atʰι palzun, assistance
atʰι palzun, reinforcement
atʰι palzun, aid
atʰι mīṭʰ,to kiss hand
atʰι pιṭʰrun,to wash hands
atʰι trāwun,let go
atʰι trāwun, free
atʰι trāwun, let loose
atʰι trāwun, leave go of
atʰι trāwun, release
atʰι ʦoṭ,chapati
atʰι ʦoṭ, handmade bread
atʰι,hand
atʰι-panjι,gloves
aṭal,stand up
aṭal, to with stand criticism
aṭal, to tolerate
aṭal, close examination
aṭal, strong opinion
aṭʰkal,with interest
aṭʰkal, devotedly
aṭʰkal, enthusiastically
atʰιvās,handshake
atʰιvās, a grasping and shaking of a person’s hand as a greeting or when concluding an agreement
aṭʰowuh,twenty-eight
aṭʰowuhyum,twenty-eighth
aʦʰunʸ,breakable
aʦʰunʸ, fragileness
aʦʰunʸ, delicate
aʦʰunʸ, weak
aʦʰunʸ, flimsy
aʦʰunʸ, poor
aʦnēr,visits and return visits
aʦōp,not masticate
aʦōp, not reduced to a pulp
avhāl,condition
avhāl, situation
avhāl, state
avhāl, circumstances
aʦun,to come
aʦun, to approach
aʦun, to enter
aʦun, to finish in a certain position
avsat,average
avsat, regular
avsat, mean
avsat, norm
aʦ,get in
aʦ, enter
aʦ, join
ayāⁿ,manifest
ayāⁿ, obvious
ayāⁿ, patent
ayāⁿ, clear
ayāⁿ, visible
az kāl,these days
az nǝtι adι kar,do not leave tomorrow what you can do today
az pʸeṭ,from today
az pʸeṭ, henceforth
az pʸeṭ, hence
az az,these days
az az, nowadays
az kālι,present day world
az kālι, modern times
az kālι, nowadays
az pǝgah karun,& phrase shirk work
az pǝgah karun, put of work
az pǝgah karun, postpone
az rātǝs,that night
az rātǝs, this night
az subhan,this morning
azāb,punishment
azāb, torture
az šāmǝs,this evening
az,& v. today
az, this day
azalnāmι,result
azalnāmι,luck
azalnāmι, fate
azalnāmι, fortune
azalnāmι, destiny
azal,beginning
azal, eternity
azal, source
azal, origin
azār,sorrow
azār, grief
azār, sadness
azār, worry
azān,a call for prayer in Muslims
azarwōn,apprehensive of or hostile towards someone thought of as a rival
azarwōn, resentful
azarwōn, envious
azǝrwə̄n,envious
azǝrwə̄n, covetous
azǝrwə̄n, resentful
azǝrwə̄n, jealous
azhad,unrestricted
azhad, boundless
azhad, illimitable
azīmu-šān,magnificent
azīmu-šān, wonderful
azīz,& n. dear
azīz, mighty; relative
azīz, friend
azlῑ lōn,misfortune
azlῑ lōn, unlucky
azkār gǝʦun,& v. hinder
azkār gǝʦun, handicap
azkār gǝʦun, mental or physical impairment
azmāvun,to examine critically
azmāvun, try
azmāvun, experiment
azmāvun, test
azmāvun, scrutinize
azmāyiš karin,examination
azmāyiš karin, trial
azmāyiš karin, test
azmāyiš karin, proof
azmoⁿmut,tried
azmoⁿmut, examined
azmoⁿmut, checked out
azmə̄yiš,temptation
azmə̄yiš, persuasion
azmə̄yiš, pull
azmə̄yiš, inducement
azmə̄yiš, examnination
azov,milk which is not curdled by bacteria
azov, non- fermented milk
aztām,till now
aztām, yet
aztām, so far
azə̄nʸ,stranger
azə̄nʸ, foreigner
azə̄nʸ, alien
alι hǝṭ,dried gourd
acʰīṭ,possessing the evil eye
acʰīṭ, jealous
abāzun,one without virtue
abāzun, wealth
abāzun, or knowledge
adal badal wanun,to make an incorrect statement in conversation; to give incorrect instruction
adal wadal,abusive language
adal wadal, attacking abusively
adālǝti,one who presides in a court of justice
adālǝti, a judge
aḍam zaḍ,very little
aḍam zaḍ, used regarding the partial return of something deposited
aḍijι kʰōⁿgur,a skeleton; a main bone of a complete skeleton
aḍijι kʰōⁿgur, a living skeleton (of one who is very lean)
adyāy,a chapter or section of a book
aḍun,to become half; hence
aḍun, to become lean or wasted
aḍʸul,the rounded head of a bone
aḍʸul, a large bone
aḍʸul, such as that of the leg
aḍι kǝj,one who stammer
aḍijι trangur,a string of connected bones
aḍι trakur,having hard or strong bones
adog,not husked (as of paddy in a mortar)
afsūs lārun,to become vexed
agāl magāl,dirtied
agāl magāl, etc.; used specially of incorrect writing full of mistakes
ag,a knot in wood; the knot in a tree
agādi gaʦun,to persevere steadily
agādi gaʦun, to persist till one has gained one's object
agādi gaʦun, to display causeless wrath against one who is without fault
agun diyun,to fire
agastι pōš,the name of a certain plant described as blooming in the autumn
agastι pōš, having a strong scent
agastι pōš, with flowers of nearly every colour
agǝnḍ,not tied up
agonḍ,not tied up
agol,not molten
agol, not melted
agol, still unmelted
agol, not reduced to a liquid form (usually of metals exposed to heat)
agōr,not terrible
agōr, a euphemistic name of Lord šiva
agor,not worked
agor, not smoothed off
agor, rough (of metal vessels or ornaments
agor, earthen vessels
agor, wooden pillars
aguh,not ground
aguh, not reduced to a fine powder
agι ziyun,firewood in which there are many knots
agunι kuṭʰ,the name of a particular moment or place fixed for sacrificial purposes
agur,sandal
agyān,ignorance
agyān, want of intelligence
agunιkonḍ,a hole or enclosed space for the consecrated fire at a sacrifice
agιdār,timber in which there are many knots
ahāl,to be skilful in any work
ahāl, to be well practised in anything
ahāl, to know how to do anything
ahlun,to agree to any action
ahlāwun,causes another to agree to any action
ahankār,pride
ahankār, vanity
ahankār, overweening or insolent behaviour
ahankār, whether due to wealth
ahankār, knowledge
ahankār, or family; the conceit of individuality
ahankār, belief in the independent existence of the ego
ahōr,not returned (of a debt
ahōr, or anything lent)
ahrēmιʦ,one who has become hard or obstinate by perversity or change of nature
ahrōymut,one who has become hard or obstinate by perversity or change of nature
ahrun,to be distraught from fear
ahrun, sorrow
ahrun, or the like; also
ahrun, to show extreme obstinacy
ahrιbal,the name of a well-known district and waterfall in Kashmīr
aji hāri hʸund,of half a cowry
aji hāri hʸund, worth only half a cowry
aji hāri hʸund, worth nothing
aji rə̄ʦ,at midnight
aji wati,at half-way
aji wati, having reached half-way
ajī wait,exactly half-way
atines,there
aṭι bōr,a burden carried on the shoulder or back; a shoulder on which a burden is carried
aji,half
aji, partially
aji, partly
aṭι,the rope for tying a burden on the shoulders
akōy,only one
bab,breast
babι ṭeⁿḍ,nipple of the breast of a human being or beast
bab,father
bab, grandfather
bab, or other ancestor
babι,udder
bacāwun,to save
bacāwun, put aside
bacāwun, keep
bacāwun, conserve
bacet,saving
bacet, economy
bacet, cutback
bacet, economy
bacet, reduction
bacidə̄nʸ,uterus
bacidə̄nʸ, womb
baci,kid
baci, a cild
baci-kut,dance boy
bacun,get rid of
bacun, get away
bacun, throw away
bacun, escape
bad andēš,envious
bad andēš, jealous
bad andēš, resentful
bad bū,stink
bad dā,cursing
bad dā, nuisance
bad dā, annoyance
baḍ māz,beef
badal akʰ,substitute
badal akʰ, alternate
badal akʰ, replacement
badal,instead
badal, as an alternative
badal, as a substitute
badal, in its place
baḍāwun,improve
baḍāwun, get better
baḍāwun, advance
baḍāwun, progress
baḍāwun, develop
baḍāwun, add to
baḍāwun, boost
badlι,revenge
badlι, reprisal
badlι, vengeance
badmāš,defame
badmāš, deprecate
badmāš, intoxicated
badmāš, drunk
badmāš, under the influence
badbakʰt,unfortunate
badbakʰt, ill-fated
badbakʰt, unlucky
badnām karun,defame
badnām karun, deprecate
badnām karun, disparage
badnām karun, insult
bǝḍrāv,sink
bǝḍrāv, go under
bǝḍrāv, go under the surface
bǝḍrāv, drop
bad-sūrat,ugly
bad-sūrat, unattractive
bad-sūrat, unsightly
bad-sūrat, horrible
bad-sūrat, nasty
bad-sūrat, horrible
bad-šakl,deformed
bad-šakl, ugly
bad-šakl, unappealing
bad-šakl, distasteful
bagāwat karin,revolt
bagāwat karin, insurgency
bagāwat karin, rebellion
bah,twelve
baḍun,falling
baḍun, tumbling
baḍun, tumbling
baḍun, dropping
baḍun, dipping
baḍun, plummeting
baḍun, sinking
bahādur,brave
bahādur, courageous
bahādur, heroic
bahādur, bold
bahādur, daring
bahādur, fearless
bahādurī,courage
bahādurī, bravery
bahādurī, guts
bahādurī, daring
bahādurī, audacity
bahānι,cause
bahānι, reason
bahānι, motivation
bahānι, grounds
bahānι, pretence
bah,vapor
bah, spray
bah, steam
bahānι karun,pretend
bahānι karun, make believe
bahānι karun, act as if
bahānι karun, make up
bahānι karun, play
bahār,Spring
bahaʦ,contention
bahaʦ, debate
bahaʦ, controversy
bahaʦ, argument
bahaʦ, opinion
bahaʦ, claim
bahaʦ, disputation
bajerʸ,largeness
bajerʸ, large size
bajerʸ, expansiveness
bajerʸ, seniority
bajerʸ, position
bajerʸ, superiority
bajerʸ, rank
bakʰil,stingy
bakʰil, miserly
bakʰil, tightfisted
bakʰil, penny-pinching
bakʰšiš,gratuity
bakʰšiš, reward
bakʰšiš, payment
bakʰšiš, incentive
bakʰšun,endow
bakʰšun, give
bakʰšun, leave confer on
bakʰšun, hand down
bakʰšun, bequeath
bakʰšun, to forgive
bakʰšun, pardon
bakʰšun, excuse
bakʰšun, forgive and forget
bakʰtι boḍ,successful
bakʰtι boḍ, star
bakʰtι boḍ, thriving
bakʰt,luck
bakʰt, fortune
bakʰt, good luck
bakʰt, good fortune
bakʰt, godsend
bakʰtāwār,lucky
bakʰtāwār, fortunate
bakʰtāwār, blessed
bakʰtāwār, auspicious
balgam,phlegm
balāy,calamity
balāy, disaster
balāy, tragedy
banafšā,violet
balun,fine
balun, well
balun, in good health
balun, all right
balʸōmut,recovered
balʸōmut, healthier
balʸōmut, in good health
balʸōmut, well again
balʸōmut, improved
bamʦūⁿṭ,quince
banāwun,to form
banāwun, construct
banāwun, develop
banāwun, establis
baⁿd karun,lock up
baⁿd karun, detain
baⁿd karun, imprison
baⁿd karun, jail
baⁿd karun, restrain
baⁿd karun, hold down
baⁿd karun, control
baⁿd karun, bring under control
band,a type of bread
baⁿd,close
baⁿd, shut
baⁿd, lock
baⁿd, seal
baⁿd, close up
baⁿd, put up the shutters
band tʰāwun,mortgage
band tʰāwun, to shut
band tʰāwun, close
band tʰāwun, lock 
band tʰāwun, put down the lid
band,joint
band, linkage
band, bone joint
baⁿd gōbi,cabbage
baⁿdubast,settlement
baⁿdubast, resolution
baⁿdubast, agreement
baⁿdubast, payment
bandūk barun,load a gun
bandūk,gun
bandūkgar,gun maker
bandιgī,compliments
bandιgī, respects
bandιgī, greetings
bang kul,Indian hemp
bang kul, poppy
bangι,Indian hemp
banjer,barren land
banjer, infertile
banjer, unproductive unfruitful harsh
banun,become
banun, developed into
banun, turn into
banun, happen to
banun, befall
banōvmut,made
banōvmut, created
banōvmut, built
banōvmut, crafted
bar,door
bar diyun,to shut the door
barābar,equal
barābar, equivalent
barābar, like
barābar, the same
barābar, one and the same
barābar, even
barābar, unvarying
barābar, stable
barābar, regular
barābarī,accord
barābarī, agreement
barābarī, harmony
barābarī, unity
barābarī, concurrence
barbād karun,destroy
barbād karun, devastate
barbād karun, tear down
barbād karun, demolish
barbād karun, wipe out
barbād karun, damage
barbād karun, ruin
barkʰilāf,against
barkʰilāf, adjacent to
barkʰilāf, in opposition to
barkʰilāf, not in favour
barkʰilāf, anti
barkʰilāf, critical of opposed to
barkʰilāf, versus
barītʰ,full
barītʰ, filled
barītʰ, complete
barītʰ, stuffed
barōbar,like
barōbar, similar
barōbar, comparable
baritʰ karun,to fill
bardāšt,endurance
bardāšt, staying power
bardāšt, patience
bardāšt, stamina
bartan,utensil
brιtʰā,husband
basanwōl,inhabitant
basanwōl, resident
basanwōl, citizen
basanwōl, occupant
bastι,wallet
bastι, folder
bastι, file
bastι, holder
bastι, case
bastūr,sack
bastūr, bag
bastūr, backpack
batʰι,kiln
baskīn,tenant
baskīn, occupant
baskīn, paying guest
baskīn, resident
baskīn, leaseholder
baṭʸen,Kashmiri Hindu female
bayāⁿ karun,describe
bayāⁿ karun, explain
bayāⁿ karun, portray
bayāⁿ karun, illustrate
bayāⁿ karun, give a picture of
batuk,drake
batι dʸun,to feed
basun,dwell
basun, reside
basun, stay
basun, inhabit
basun, settle
batιj,duck
batʸι,wick
baṭι,Kasmiri Hindu male
batι,rice
batι, cooked rice
baṭιwār,Saturday
baṭιwār, the seventh and last day of week
baṭιwāⁿgun,tomato
bawāsīr,hemorrhoids
bakwās,chat
bakwās, talk nonsense
bakwās, jabber
bādām,almond
bayāⁿ,eloquent
bayāⁿ, fluent
bayāⁿ, well-expressed
bayāⁿ, expressive
bādām kul,almond tree
bāb,chapter
bāb, section
bāb, subdivision
bāb, part
bāb, episode
bayāⁿbāⁿ,desert
bayāⁿbāⁿ, wasteland
bayāⁿbāⁿ, barren region
bazāz,cloth-merchant
bāg,garden
bāgwān,gardener
bāj,tax
bāj, toll
bāj, tariff
bāgwə̄ni,gardening
bāl,ball
bākιy,rest
bākιy, residue
bākιy, remains
bākιy, leftovers
bākιy, remainder
bāl,hill
bālēg,adult
bālēg, mature
bāli tʰāwun,to moor a boat
bāⁿḍ,actor
bāⁿḍ, performer
bāⁿḍ, artist
bāⁿḍ, player
bāⁿḍ, artiste
bāman,bud
bāman, blossom
bāman, sprout
bāⁿd,prisoner
bāⁿd, jailbird
bāⁿd, convict
bāⁿg,call to pray in the Muslims
bānι,pot
bānι, utensils
bānι, urn
bānι, container
bānι, gadget
bāpʰtʰur,nephew
bāpʰtʰur, brother’s son
bānιkuṭʰ,larder
bāpatʰ,for sake of
bāpatʰ, behalf
bāpatʰ, purpose
bār,load
bār, burden
bār, oppress
bār, overload
bāšindar,inhabitant
bāšindar, resident
bāšindar, citizen
bāšindar, occupant
bāšendι,inhabitant
bāšendι, resident
bāšendι, civilian
bāšendι, city dweller
bāšendι, citizen
bāšendι, occupant
bāšendι, denizen
bāpə̄r,tradesman
bāpə̄r, trader
bāpə̄r, merchant
bāpə̄r, seller
bāpə̄r, broker
bāpə̄r, wholesaler
bāvzι,niece
bāvzι, brother’s daughter
bāṭur,quail
bāṭur, a bird
bāwun,to relate
bāwun, to share
bāwun, narrate
bāwun, tell
bāwun, speak about
bāwun, convey
bāz,prey
bāz, victim
bāz, target
bāv,to show
bāv, demonstrate
bāv, explain
bāzār,street
bāzār, market
bɔcʰιhot,starving
bɔcʰιhot, hungry
bɔcʰιhot, famished
bɔcʰι,appetite
bɔcʰι, hunger
bɔcʰι, craving
bɔcʰι, need to eat
bɔcʰι, desire for food
bɔcʰι, eagerness
bɔn wasun,to descend
bɔn wasun, go down
bɔn wasun, move down
bɔn wasun, come down
bɔn wasun, slide down
bɔn wasun, fall down
bɔn wasun, tumble down
bɔkwǝṭ,kidney
bɔn,below
bɔn, under
bɔn, underneath
bɔn, beneath
bɔn, lower than
bɔnkun,downwards
bɔnι,down
bɔnι, downward
bɔnι, downstairs
be-adabi,disrespectfully
be-adabi, impolitely
be-adabi, impertinently
bedil,unmanly
bedil, incapable
bedil, toothless
bedil, defenseless
bɔtal,bottle
bɔtal, container
be-ār,merciless
bedīn,infidel
behnāwun,set down
behnāwun, set aside
behnāwun, put away
behnāwun, lay down
begānι,foreigner
begānι, stranger
begānι, alien
be-insāf,unjust
be-insāf, unfair
be-insāf, undue
behōš,numb
behōš, lacking feeling
behōš, insensitive
behōš, anesthetized
behōš, hardhearted
bēkʰabar,unaware
bēkʰabar, ignorant
bēkʰabar, unconscious
bēkʰabar, innocent
bǝhʸum,twelfth
bēlci,spade
bēlci, scoop
bemār,ill
bemār, unwell
bemār, sick
bekʰāwaⁿd,widow
bereham,brutal
bereham, unkind
bereham, mean
bereham, heartless
bereham, ruthless
bereham, harsh
beni,sister
beni, daughter of the same parent
bemə̄r,disease
bemə̄r, illness
bemə̄r, sickness
bemə̄r, ailment
bemə̄r, virus
bemə̄r, infection
bemə̄r, disorder
bemə̄r, complaint
bād pakun,the breaking of wind with noise
bād pakun, syphilis to occur
betāb,restless
betāb, annoyed
betāb, restive
betāb, impatient
beyi ti beyi,many times
beyi ti beyi, repeatedly again and again over and over persistently
beyi akh,one more
beyi akh, another
beyi akh, an additional
beyi akh, an extra
beyi akh, an added
beyi pʰiri,again
beyi pʰiri, once more
beyi pʰiri, another time
beyi pʰiri, yet again
beyi pʰiri, for a second time
be-yezti sān,disrespectfully
be-yezti sān, impolitely
be-yezti sān, impertinently
beyi kaⁿh,anybody
beyi kaⁿh, any person
beyi kaⁿh, anyone
beyι,more
beyι, additional
beyι, further
beyι, other
becʰun,begging
beyi vizi,next time
beyi vizi, another time
beyι,and
beyι, in addition to
beyι, as well as
beyι, plus
bʸecʰvun,beggar
bʸecʰvun, homeless person
bʸecʰvun, vagrant
bʸeh,be seated
bʸeh, take a seat
bʸeh, park yourself
bekār karun,dismiss
bekār karun, fire
bekār karun, reject
bekār karun, lay off
bekār karun, give somebody the pink slip
bʸekarār,uncomfortable
bʸekarār, painful
bʸehnāwun,cause to sit
be-andāz,unskillful
be-andāz, lacking ability
be-andāz, unpromising
bemārdə̄rī,sick condition
bemārdə̄rī, ill
bemārdə̄rī, unwell
bemārdə̄rī, ailing not a hundred percent
bemazι,tasteless
bemazι, flavorless
bemazι, in poor taste
bemazι, cheap
belazat,tasteless
belazat, flavorless
belazat, in poor taste
belazat, cheap
beparwah,thoughtless
beparwah, inconsiderate
beparwah, careless
beparwah, negligent
bešūb,worthless
bešūb, of no value
bešūb, useless
bešūb, meaningless
betāb,impatient
betāb, fervent
betāb, intolerant
betāb, eager
betāb, hasty
be-tartīb,disorder
be-tartīb, chaos
be-tartīb, confusion
be-tartīb, mess
be-tartīb, unrest
be-arām,uneasy
be-arām, uncomfortable
be-arām, anxious
bēdār,vigilant
bēdār, watchful
bēdār, alert
bēdār, attentive
bēdār, aware
bēdār, observant
bēdār, wary
beṭʰak,assembly
becʰ,begging
becʰ, pleading
becʰ, ask for
bēklun,to become fool
bēklə̄zi,foolishness
bēklə̄zi, stupidity
bēklə̄zi, idiocy
bēkιl,senseless
bēkιl, stupid
bēkιl, silly
bēkιl, foolish
bēkιl, mindless
bēkιl, idiotic
bedemāg,stupid
bedemāg, unintelligent
bedemāg, brainless
bedemāg, foolish
bedemāg, silly
bēwafā,faithless
bēwafā, untrustworthy
bēwafā, disloyal
bēwukūf,silly
bēwukūf, stupid
bēwukūf, childish
bēwukūf, ridiculous
bēwukūf, mad
bēlʸ,spade
bʸēr,cats
bʸēztī karin,discredit
bʸēztī karin, bring shame on
bʸēztī karin, disgrace
bʸēztī karin, humiliate
bigur,confounded
bigur, blasted
bigur, horrible
bigur, wretched
bic,scorpion
bic, crab
bigrʸōmut,damaged
bigrʸōmut, corrupt
bʸēztī,disgrace
bʸēztī, shame
bʸēztī, dishonor
bʸēztī, discredit
bʸēztī, humiliation
bihʸun,to sit
bihʸun, be placed
bihʸun, be seated
bihʸun, sit down
birι-gɔgul,ball
bijlībatʸ,lamp
bijlībatʸ, bulb
bilibucur,nightingale
bīm,fear
bīm, dread
bīm, horror
bīm, shock
biskūṭ,biscuit
bǝḍrāwun,to make larger
bīnə̄yi,sight
bīnə̄yi, vision
bīnə̄yi, eyesight
bǝḍ saḍak,highway
bǝhlāvɔn,keep amused
bǝhlāvɔn, keep busy
bǝhlāvɔn, occupy
bǝlrāwun,cure
bǝlrāwun, heal
bǝlrāwun, treat
bǝlrāwun, make well
bǝlrāwun, restore to health
bǝli,sacrifice
bǝli, the act of offering ceremonially to deity
bǝli, the slaughter of an animal to please the deity
bǝlʸ,pretence
bǝlʸ, merriment
bǝlʸ lāgun,to pretend
bǝlʸ lāgun, make believe
bǝlʸ lāgun, act as if
bǝlʸ lāgun, make up
bǝlʸ lāgun, play
bǝrut,brimful
bǝrut, overfilled
bǝrut, overflowing
bǝrut, bursting at the seams
bǝrιʦ,pregnant
bǝrιʦ, with child
bǝrιʦ, expectant
bǝrιʦ, expecting
bǝrιʦ, heavy with child
bǝsrakʰ,traditional Kashmiri sweet snack
bǝstι kʰaʦʰinʸ,swell up
bǝstι kʰaʦʰinʸ, erupt
bǝstι kʰaʦʰinʸ, bubble
bǝstι kʰaʦʰinʸ, break out in blisters
bǝstι,blister
bǝstι, eruption burn eruption
bə̄gi,rebellious
bə̄gi, disobedient
bə̄gi, unruly
bə̄gi, disloyal
bə̄glι,beans
bə̄grāwun,distribute
bə̄grāwun, share out
bə̄grāwun, deliver
bə̄grāwun, issue
bə̄grun,distribute
bə̄grun, share out
bə̄grun, hand out
bə̄grun, deal out
bə̄grun, give out
bə̄grun, allot
bə̄grun, deliver
bə̄ⁿs,cane
bə̄ⁿs, bamboo
bə̄riš,rain
bə̄riš, rainfall
bə̄riš, shower
bə̄t,verse
bə̄ʦ,married couple
bə̄ykākanʸ,sister-in-law
bə̄ykākanʸ, brother’s wife
bə̄t gewān,singing
bə̄t gewān, playing
bə̄t gewān, in performance
bə̄t gewān, on stage
bʸōr,cat
bʸērι,cats
bιḍʸbab,grandmother
bιⁿgιr,bangle
bι,I (pron.)
bιr,edge
bocʰi lagin,to be hungry
bιzun,to bake
bιzun, cook in the oven
bιzun, heat
bιzun, roast
bocʰōmut,hungry
boḍ camci,tablespoon
boḍ doh,festival
boḍ,large
boḍ, big
boḍ, huge
bǝḍʸ,adult
bǝḍʸ, mature
bǝḍʸ, fully developed
bǝḍʸ, grown
bǝḍʸ, big
bǝḍʸ, large
bǝḍʸ, full-size elder
bǝḍʸ, old
bǝḍʸ, aged
bǝḍʸ, former
bǝḍʸ, erstwhile
bōgun,vessel
bāⁿd,repeatedly urging
bāⁿd, pressing
bāⁿd, or insisting upon
baḍι,grand parents
bʸon,different
bʸon, dissimilar
bʸon, diverse
bʸon, unlike
bʸon, poles apart
bʸon, unusual
bʸon, nuclear family
bāmbar,hurry
bāmbar, urgency
bāmbar, rush
boṭʰ,river bank
boṭʰ, shore
boṭʰ, bank
boṭʰ,brink
boṭʰ, edge
boṭʰ, rim
boṭʰ, lip
boṭι wə̄nʸ,trader of Ladak
bōdιwār,Wednesday
bōg,share
bōg, part
bōg, portion
bōg, piece
bōⁿwār,Tuesday
bōⁿwār, the third day of week
bōlun,talk
bōlun, speak
bōlun, converse
bōlun, have a discussion
bōnʸ,Chinar tree
bōnʸ, maple
bōr,burden
bōr, load
bōr, weight
baḍun,to become large
baḍun, become big
baḍun, get big
bōs,stomach
bōsι,kiss
bāg,a share
bāg, a portion
bōzun,to hear
bōzun, reckon
bōzun, think
bōzun, consider
bōzun, feel
bōzun, understand
bōzun, appreciate
bōzun, grasp
bōv,posterior part of thigh
bōz,pay attention
bōz, listen
bʸōl,seed
bōy,brother
bādum,almond
bram,trick
bram, deception
bram, hoax
bram, swindle
bram, trap
brag,crane
bōznāwun,to relate
bōznāwun, to share
bōznāwun, narrate
bōznāwun, tell
bōznāwun, speak about
bōznāwun, convey
brag,heron
branιkul,elm
bram dʸun,cheat
bram dʸun, deceive
bram dʸun, take advantage of
bram dʸun, swindle
brāⁿd,doorsill
brāⁿd, threshold
brāⁿd, entrance
brāⁿd, doorstep
braswār,Thursday
braswār, the fifth day of week
brōⁿtʰ,before
brōⁿtʰ, previous to
brōⁿtʰ, earlier than
brōⁿtʰ, prior to
brōⁿtʰ, ahead of
brōⁿtʰ, by
buruz,bark of a tree
brāⁿt,hope
brāⁿt, expectation
brāⁿt, faith
broⁿṭʰas,next year
broⁿṭʰas, nearest time
brōⁿṭʰkun,forwards
brōⁿṭʰkun, ahead
brōⁿṭʰkun, frontwards
buḍun,to become
buḍun, vegetate
buḍun, be passive
buḍun, be sluggish
buḍun, stagnate
buḍun, pass the time
buḍun, waste time
brōⁿṭʰkanʸi,in the presence of
brōⁿṭʰkanʸi, in front of
brōⁿṭʰkanʸi, before
brōⁿṭʰkanʸi, in the company of
bucʰun,sting
bucʰun, hurt
bucʰun, throb
bāⁿg,the call to prayer by the mu'aẕẕin from the tower of a mosque
buhirʸ,druggist
bujʸer,old age
bujʸer, later life
bujʸer, parenthood
bulbul,nightingale
bukʰə̄r,fireplace
bunk,financial bank
bunk, have an account
bumbur,corn
bumbur, hard skin
bumbur, corn
bumbur, bump
bumsinʸ,earthworm
bumsinʸ, worm
bunkwōl,banker
bunkwōl, backer
bunkwōl, financier
bunkwōl, supporter
buⁿm,brow
bunyād,foundation
bunyād, base
bunyād, establishment
bunʸul,earthquake
bunʸul, tremor
bunʸul, volcanic activity
bunʸul, seismic activity
burkι,veil
bunιpōš,water-lily
buruš,brush
burzι kul,birch tree
butʰ pʰʸurun,rebuke
butʰ pʰʸurun, reprove
butʰ pʰʸurun, reproach
butʰ pʰʸurun, scold
butʰ hunrāwun,pull a long face
but,idol
but, statue
burušιgor,brush maker
butʰ,countenance
butʰ, face
butʰ, expression
butʰ lāgay,argue
butʰ lāgay, quarrel disagreement
butrāt,land
butrāt, home
butrāt, nation
butʰpʰʸur,rebellious
butʰpʰʸur, disobedient
butʰpʰʸur, unruly
butʰpʰʸur, disloyal
buṭʰ tʰāwun,to moor a boat
buzarg,noble
buzarg, venerable
buzarg, respected
buzarg, esteemed
buzarg, honored
buzarg, revered
buzargī,nobility
buzargī, dignity
buzargī, decency
buzargī, nobleness
buz,to roast
buzdil,cowardly
buzdil, gutless
buzdil, weak
bram,wandering
bram, cheating
buzmut,roasted
buzun,roast
būl,mistake
būl, fault
būl, blunder
būl, forgetfulness
būl, absentmindedness
būṭ,boot
bōm,apart
bōm, away from each other
bōm, spaced out
bōm, distant
bʸēr-kə̄ni,loft
bʸēr-kə̄ni, a space under roof
bad lihāz,close the eyes to
bad lihāz, disrespect
bad lihāz, contempt
bad lihāz, disdain
bad-mazι,tasteless
bad-mazι, in bad taste
bad-mazι, flavorless
banjə̄r,person who sell hosiery from village to village
batι mʸoⁿḍ,morsel
batι mʸoⁿḍ, mouthful
bāⁿḍι pə̄tʰǝr,act
bāⁿḍι pə̄tʰǝr, drama
bāⁿḍι pə̄tʰǝr, comedy
bāⁿḍι pə̄tʰǝr, stage show
bāⁿḍι pə̄tʰǝr, play
bab din,to give the breast
bab din, to apply a child to the breast
bab din, to give suck
babal,possessing a large bosom
babal, full-bosomed
babal, high-bosomed
babi ṭoⁿḍ,nipple of the breast of a human being or beast
bābū,used for addressing an immigrant from India
būṭ,herbal plant
būṭ, herbal medicines
babι dag,grief for the death of a father
bābūna,camomile; camomile flowers; Matricaria chamomilla
babι kə̄n,a woman or female beast suffering from obstruction of the flow of milk
babι rostι,wanting a father
babι rostι, one whose father is dead
babι rostι, especially who is not yet grown up
babι wohav,vulgar abuse or imprecations uttered against a person's father
bābι,grandfather; old man
bābι, sir
bābι, the head of an order of monks especially in Muslim community
babι wāy,a severe pain in a woman's bosom; caused by disease
babι wāy, or as a consequence of the unsatisfied longing of a pregnant woman
babι yetīm,a fatherless child
babι yetīm, a helpless orphan with no one to supply the place of a father
bad rad wanun,to use abusive language about or to an opponent
babιr,the sweet basil palnt
bad wati,badness in behaviour
bad wati, dress
bad wati, actions
bad wati, intelligence
bad wati, skill
bad wati, or the like
bə̄gi,at about the time of
bāgī,defeater
bāgī, subjugator
bāgī,
bə̄grun,to divide
bə̄grun, apportion
bə̄grun, distribute
bə̄grun, portion out
bə̄grun, parcel out
bādām pʰιlay,the almond-blooming
badalwǝnʸ,the price of exchange
badalwǝnʸ, when an old article is exchanged for a new one of the same kind
baḍāv,setting forth
baḍāv, setting out
badalι,in exchange of
baḍīmī,the exercise of generosity
badlāwun,to cause to be changed or altered; to change
badlāwun, alter
bādām gūj,an almond-kernel
bād,venereal disease
bād, syphilis
baḍι nānʸ,grand-mother
baḍur,a kind of bird found the lakes north of Kashmīr
bādιlad,afflicted with venereal disease
badιliyetʰ,a condition of change
badιliyetʰ, transformation
bādə̄m,light-brown
bādə̄m, almond-coloured
bagandar,a fistula in the anus
bagandar, a boil in or close to the anus
bagal,the side-pocket of a coat or similar garment
bagandarlad,suffering from or afflicted by fistula
bagandarlǝdin,suffering from or afflicted by fistula
bāgiy,good-luck
bagārι,oil or ghee dripping
bagārιdār,greasy
bagārιdār, oily
bagārιdār, buttery
bāgāy,dividing into shares
bāgāy, distributive division
bagvatʰ,adored
bagvatʰ, holy
bagvatʰ, revered
bagvatʰ, venerable
bagvatī,applied as a proper name to the goddess Pārvatī
bāgwə̄nil,the profession or trade of a gardener
bāgι āmut,come into sharing (husband for a woman)
bāgιhār,division of a number
bāgιhār, an arithmetical operation
bākʰ,weeping associated with screeches or screams
bāgι āmιʦ,come into sharing (wife for a husband)
bāⁿbar lārin,flurry to occur
bāⁿbιri bāⁿbιri,hurriedly
bāⁿbιri bāⁿbιri, flurriedly
bāⁿbιri hot,hurried
bāⁿbιri hot, flurried
bāⁿbιri hǝʦ,hurried
bāⁿbιri hǝʦ, flurried
brahmǝnʸ,a woman of the Brāhmaṇ caste
barkarār,fixed
barkarār, established
barkarār, firm
barkarār, unchangeable
bagə̄r,without
bagə̄r, exclusive of
bagə̄r, excluding
bagə̄r, except
bagə̄r, besides
bākι,weeping associated with screeches or screams
bāⁿbar,fluster
bāⁿbar, flurry
bāⁿbar, agitated haste in doing anything
barham,confused
barham, jumbled together
barham, turned upside down
barham, entangled
barham, spoiled
barkatʰ,increase
barkatʰ, abundance
barkatʰ, prosperity
barkatʰ, blessing
barkatʰ, Kāshmīrī Muslims use this word for 'one' in counting
barkatʰ, instead of one
barkatʰ, by way of asking God's blessing on the whole transaction
bebagārι,not cooked in oil
barmι,an auger
barmι, drill
bēbākʰ,without remainder
bēbākʰ, complete
bēbākʰ, paid up in full
bē bahas,without disputation
bē bahas, without controversy
bǝbil,action like that of a father in fatherly affection
bēdə̄rī,waking
bēdə̄rī, wakefulness; vigilance
bēdə̄rī, watchfulness
bedād,oppressed
bedād, distressed
bedād, unjust
bēdār gaʦun,to be aroused
bēdār gaʦun, awakened from sleep; to have the intellect aroused
bēg,a carriage
bē-gāh,untimely
bē-gāh, unseasonable
bǝḍrun,to plaster
begrʸōvmut,that which has acquired an acrid taste
bǝḍran,plastering
bǝḍran, applying a plaster of mud mixed with chaff and chopped straw
beḍōl,shapeless
beḍōl, ill-fashioned
beḍōl, ugly
beḍōl, clumsy
beḍōl, ill-mannered
be-intihā,without limit
be-intihā, endless
bodιgēr,a well-known hill lying north of the city of Śrīnagar
begə̄r karun,to set at variance
begə̄r karun, to set friends at enmity
bombur,a garden – bee
brakʰ lagun,to suffer from a crushing blow
brakʰ lagun, to be a wreck after a severe illness
brakun,to crunch with the teeth
brakun, to masticate
bragin,the blue heron
bragin, Ardea cinerea
brahman,a man of the Brahmaṇ caste
begə̄rʸ,compelling to work for nothing
begə̄rʸ, forced labour
brakι drāv,hardened by experiencing or making a practice of undergoing blows
brakι drāv, trained
bram diyun,to swindle
bram diyun, cheat
bram diyun, defraud
bramhā,name of a Hindū god
bramhā, a member of the triad of Brahmā
bramhā, Lord Śiva
brang,an old minaret
brimjι,a tree
brimjι, Celtis australis
brimjι, usually found in graveyards in Kashmīr
brīmι pōš,the water-lily
brūⁿh,in front
būd gaʦun,to become visible or cognizable by the senses
brakʰ,a crushing blow
brakʰ, a blow
brokιmut,crushed
brokιmut, pounded; crunched by the teeth
brokιmut, masticated
bruⁿh bruⁿh pakun,to keep walking in front
bruⁿh bruⁿh pakun, to precede
būd karun,make visible or cognizable
būd,learning
būd, knowledge
būd, wisdom
būd, intelligence derived from study
budul,a kind of tree
budul, the Himalayan silver fir
budul, Abies Webbiana
buḍι wāl,grey hair
būdι wōl,learned
būdι wōl, well instructed
būdι wōl, intelligent
buḍι ə̄l,a kind of cardamom
buḍι ə̄l, bearing a large seed
buji butʰ,a young man who has a face like an old woman's whose face is wrinkled
būgōl,geography
buji,old women
būdι wə̄jen,learned
būdι wə̄jen, well instructed
būdι wə̄jen, intelligent
bʸob,the space between the body and the clothes
bʸob, the inside breast of the long gown worn by Kashmīrīs
buḍιhor,spotted
buḍιhor, brindled
buḍιhor, white spots scattered over something
bιḍι bab,grand-father
bιḍin,old woman
bιḍι mōj,the big mother
bιḍι mōj, the senior lady of a family
bə̄ⁿḍil,the profession of a baⁿḍ or actor
bə̄gran,dividing
bə̄gran, apportioning; division
bə̄gran, distribution
bə̄n,the collar
bə̄g,on account of
bə̄rīk,very heavy
bə̄ⁿg,the mu'aẕẕin who calls to prayer
bə̄diyānι,sweet-fennel
cʰakrāwun,scatter
cʰakrāwun, disperse
cʰakrāwun, spread out
candι ʦūr,pickpocket
carāgah,meadow
cʰakun,scatter
cʰakun, disperse
cʰakun, spread out
capinʸ,sandals
candι,pocket
cʰāⁿgιr,hurry
cʰāⁿgιr, flurry in doing anything
cerkʰι,wheel
cāk,crack
cāk, break
cāk, fracture
cāk, crevice
cāl,character
cāl, nature
cāl, temperament
cāl, personality
cāl, makeup
cāl calun,conduct
cāl calun, behavior
cāl calun, ways
cāl calun, carry out
cāl calun, perform
cāl calun, behave
cāl calun, act
cāl calun, comport yourself
cāl calun, direct
cālāk,active
cālāk, lively
cālāk, full of life
cālāk, dynamic
cālāk, vigorous
cālāk, clever
cālāk, intelligent
cālāk, bright
cālāk, witty
cānāwun,cause to drink
cāl karin,trick
cāl karin, stratagem
cāl karin, dodge
cāl karin, scheme
cārvōy,animal
cārvōy, beast
cārvōy, quadruped
cārvōy, four-footed animal
cārwə̄y,cattle
cārwə̄y, livestock
cārwə̄y, farm animals
cārwə̄y, domestic animals
cāy,tea
cāš,forenoon
ceⁿgι,tax
ceⁿgι, toll
ceⁿgι, tariff
cepāt,slap
cepāt, hit
cerιb,fat
cerιb, tallow
cešmι,spring of water
cerbī,grease
cerbī, fat
cerbī, oil
cešmāšāhī,name of place in Srinagar city in Kashmir
cešmāšāhī, tourist resort
cʸeṭ hʸin,to forfeit
cʸeṭ hʸin, pay
cʸeṭ hʸin, lose
cʸetʰ,intoxicated
cʸetʰ, drunk
cʸetʰ, under the influence
cīn,china
cīn, name of a country
cīritʰ,drawn
cīritʰ, haggard
cilʸ,tent peg
cilʸ, hook
ciṭʰ,letter
ciṭʰ, epistle
ciṭʰ, letter
cikandūz,embroiderer
cīr,tight
cīr, firm
cīr, stretched
cīr, forceful
cīr, press down
cīr, tap down
cārun,drains
cārun, sap
cārun, draw off
cārun, remove
cārun, bleed
cār,tight
cār, firm
cār, stretched
cār, forceful
cār, press down
cār, tap down
cīrun,to wring
cīrun, squeeze
cīrun, twist
cīrun, press
cīrun, compress
cīz,thing
cīz, article
cīz, item
cīz, gadget
con,drinking
cobur,young man
cobur, ironical
cōb,beating
cōb, thrashing
cōb, pounding
cōⁿcι,spoon
cōⁿcι, a utensil with a shallow and handle for stirring
cōⁿcι, a ladle or spoon
cōⁿcι, made of wood
cōdι,wide
cōdι, broad
cōdι, spacious
cōdι, widespread
cōbuk,whip
cōbuk, piece of leather used for pushing people or driving animals
cōⁿṭʰ,mouth
cōn,your
cōpāy,stool
cʰāⁿgιr,hurry
cʰāⁿgιr, flurry in doing anything
cōr,idiot
cōr, stupit
cōkι,cooking range
cōkι, kitchen
cōkι, cook-house
cōṭ,wound
cōṭ, hurt
cōṭ, injury
cunʸ,ladies shawl
cumṭι,pincers
cumṭι, tongs
cūkʸdar,watchman
cūnʸ,trinkets
cūnʸ, studds
cə̄ⁿd,silver
cūnι,chalk
cūnι, a soft white limestone
cʰag,thinning out
cʰag, dispersal
cʰag, spreading
cʰag, control
cʰag, rush
cʰal,part
cʰal, piece
cʰal, section
cʰal, branch
cʰal, fraction
cʰal,to wash
cʰaliwə̄nʸ,rice-water
cʰapan jāy,refuge
cʰapan jāy, shelter
cʰapan jāy, protection
cʰapan jāy, place of safety
cʰarun,evacuation
cʰaʦ,small piece
cʰaʦ, left over
cʰaʦ, bit
cʰaʦ, crumb
cʰatun,fade
cʰatun, lighten
cʰatun, become lighter
cʰatun, lose color
cʰaʦιr,egg white
cʰat,roof
cʰat, top
cʰalun,wash
cʰalun, clean
cʰalun, bathe
cʰalun, cleanse
cʰān,carpenter
cʰāv,blazing
cʰāv, roaring
cʰāv, intense
cʰāv, roaring
cʰāv, warm
cʰāv, the final cooking of rice or other cooked food
cʰānιbə̄y,carpenter’s wife
cʰānun,to sift
cʰāⁿcʰ,raspberry
cʰāpun,publish
cʰāpun, print
cʰāpun, bring out
cʰɔdιlad,starving
cʰɔdιlad, hungry
cʰɔk dʸun,injure
cʰɔk dʸun, hurt
cʰɔk dʸun, damage
cʰɔd,hunger
cʰukʰ,squash
cʰukʰ, squeeze
cʰɔkʰιlad,wounded
cʰɔkʰιlad, injured
cʰɔkʰιlad, hurt
cʰɔkʰιlad, upset
cʰɔkʰ,sore
cʰon,thin
cʰon, light
cʰon, lightweight
cʰon, unfilled
cʰon, empty
cʰon, less
cʰon, less than a certain amount
cʰon, deficient in quantity
cʰon tōlun,weigh up less than actual weight
cʰirι,lamb
cʰirιkaṭʰ,lamb
cʰǝtιr,umbrella
cʰōⁿp,instep
cʰōⁿp, the upper part of ankle
cʰonun,detriment
cʰonun, disadvantage
cʰonun, damage
cʰonun, loss
cʰonun, deficit
cʰonun, debit
cʰonun, lack
cʰonun, shortage
cʰolmut,washed
cʰot,light-coloured
cuṭʰkinʸ,wedge
cuṭʰkinʸ, bolt
cuṭʰkinʸ, bar
cōb dʸun,thrash
cōb dʸun, beat
cōb dʸun, batter
cōb dʸun, lash
cʰə̄n karin,sieve
cʰə̄n karin, strain
cʰə̄n karin, separate
cʰə̄n karin, put through a sieve
cʰə̄nʸ,sieve
cʰə̄nʸ, strainer
cend,registration cards of fair price shops of the Government
cācι,a father's brother
cācι, a paternal uncle
cāh,a pit
cāh, a well
cāh gaʦun,to have one's life made a burden by another's abuse
caka dͻd,curdled from which the whey has been strained
cākʰ gaʦin,tearing to occur
cākʰ gaʦin, to be torn; to be split
cīⁿ cīⁿ karun,to utter repeatedly low sounds when crying
cīⁿ cīⁿ karun, to sob
cākar,a servant
cākar, a house servant
caklι,a group of villages’
camakʰ,glitter
camakʰ, brilliance
camakʰ, splendour
camār,a low caste leather-worker
camārgī,a habit of causing sorrow or trouble to others
camkun,to shine
camkun, beam
camkun, glow
camkun, glitter
camkun, sparkle
camkun, glisten
camι kʰamι,moving gracefully
camι kʰamι, hence
camι kʰamι, stately
camι kʰamι, pompous
cāⁿcarāray,crying aloud from pain
cāⁿcarāray, groaning
canḍāl,a man of a degraded tribe
canḍ,a woman of bad character
cīr,chit
cīr, a lottery ticket
cīr, a slip of paper
canḍι bāpār,habitual action of an unruly woman
canḍ,the sound made by a slap of the open hand on the shoulder or similar flat part of the body
candι gͻʦιr,the bag part of a pocket
canι,the chick-pea
canι, Cicer arietinum
cāpar,vain talking
cāⁿg,the cone of a fir-tree
canι cebīlι,eaten as dried grains
canι cebīlι, such as mixed peas
canι cebīlι, pulses
capʰ capʰ,the ugly sound made in greedily eating
caprῑs,a peon
caprῑs, orderly
caprῑs, messenger of a court
carci,discussion of some absent person's actions or affairs
carci, coming into fashion
carci, great appreciation
cebιr,a young woman
ceki,longing
ceki, desire
ceki, urgent wish
cāyi koš,tea-leaves which have been infused
cāyi koš, tea-leaves remains
ce,to drink
cēl,method
cēl, mode
cēl, manner; conduct
cēl, behaviour
cēl, character
cēlι,a pupil
cēlι, disciple
cēlι, follower
cʰaḍun,to release
cʰaḍun, let go
cʰaḍun, dismiss
cʰak,the spreading of anything usually collected in piles or heap
cʰak, e.g. dust or grain
cʰakārι,the act of scattering about in all directions
cʰal cʰōkʰ,the washing of a great number of articles at one time
cʰal cʰōkʰ, the act of washing
cʰalι,a plain ring of gold
cʰalι, silver
cʰalι, or other metal
cʰalι, worn on the finger
cʰamb,a ravine
cʰamb, precipitous cleft
cʰalι pʰol,quarrelling combined with mutual recriminations
cʰalι cʰāⁿgιr,improperly to scatter about in all directions
cʰalan grāy,& v. a slight
cʰalan grāy, hasty washing
cʰambι dulι gaʦun,to fall over a precipice; to die a sudden or untimely death
cʰāⁿcʰι pūt,a child's rattle
cʰanerʸ,emptiness
cʰāⁿp,a seal a stamp or impression made by a seal
cʰāⁿṭʰ,left to one side as unpleasing
cʰāⁿṭun,to pick
cʰāⁿṭun, pick out
cʰāⁿṭun, cull
cʰāⁿṭun, select
cʰānwāy,wages paid to a carpenter
cʰānι kīj,Kasmiri carpenters are constantly omitting a nail here or there in order that they may be recalled
cʰāⁿ pun,to print
cʰānι ṭʰas,the noise made by a carpenter when he hits hammer on something
cʰar,name of a certain disease like impetigo contagiosa; also used of carbuncles
cʰarāh,alone
cʰarāh, only
cʰatāⁿg,a certain weight
cʰatāⁿg, the sixteenth part of a seer
cʰapun,to be hidden
cʰapun, concealed
cʰānιwə̄n,wages paid for sifting flour
cʰaʦran,the act of making white
cʰaʦran, of whitening
cʰāwun,to embroider (cloth
cʰāwun, etc.)
cʰaʦar,whiteness
cʰaṭι,a flock led out for the season on to the hills for grazing
cʰal cʰal,washing frequently or continually
cʰāwun,partake of
cʰāwun, experience
cʰāwun, to enjoy
cʰāwun, make use of
cʰāwun, partake of
cʰāwun, experience
cʰǝkrun,to be scattered
cʰǝkrun, become separate from the other
cʰǝkιr,a kind of song sung by women to the accompaniment of a drum and other instruments
cʰepʰi lagun,to offer oneself as a sacrifice instead of or on behalf of any one
cʰelitʰ cʰūlitʰ,exactly
cʰelitʰ cʰūlitʰ, accurately
cʰepitʰ,secretly
cʰepitʰ, privately
cʰepʰi,a sacrificial offering
cʰelin wə̄nʸ,the dirty water left after washing anything particularly rice for cooking
cʰērι bardār,a wand-bearer
cʰērι bardār, the marshal who walks before people
cʰih,a slight accidental blow
cʰǝtri kul,an umbrella plane-tree
cʰik,a squirt
cʰik, a syringe
cʰir,the thin stream of milk issuing at one pull of the udder at the time of milking
cʰīh,a sneeze
cʰikι cʰikʰ,when two persons sprinkle each other or throw water on each other
cʰirkāv,sprinkling water on the ground
cʰǝtri bardār,an official whose duty it is to carry the state umbrella over a king's head
cʰirιgǝr bāy,a female seller of goat’s or sheep’s milk
cʰoⁿp,a kind of small churning-stick
cʰoⁿp, used for churning curdled milk
cakι dͻd,from which the liquid portion
cakι dͻd, or whey
cakι dͻd, has been strained
cʰirιgor,a seller of goat’s or sheep’s milk
cʰōnun,knocking down walnuts from a tree; siftings
cʰiṭʰ,cotton cloth stamped in colours
cʰiṭʰ, chintz; a chintz garment
cʰōr,sudden diarrhœa to occur
cʰōrι baṭenʸ,a shameless Brahmaṇ woman
cʰiṭʰgar,a chintz-maker
cʰu,being only used in the present tense and rarely in the imperative; it is participial in form
cʰu, being liable to change for gender
cʰuk,a squirt
cʰuk, a syringe
cʰūl,a waterfall
cʰūl, cascade
cʰūkιr,a good-looking full-grown girl
cʰιnιrun,to reduce below a certain fixed quantity
cʰιnιrun, to lessen
cʰͻkι pʰǝkīr,leading the life of a beggar
cʰͻmb,a method of threshing paddy
cʰͻk,rinsing out only with water
cʰə̄nil,the art or profession of a carpenter
cʰͻkιwun,the act of dipping into water
cicarāray,usually the low moaning of a number of starving people
cicarāray, especially children
cikʰ,a high-pitched cry
cikan,a particular embroidery type
cikan, embroidery work on silk flowers on muslin or other cloth
cīkʰ,a scream
cīkʰ, a screech
cikι din,a call or cry uttered in a high-pitched
cikιcāv,the effervescence of spirits in a young man making him self-confident and daring
cilim,the bowl of a huqqa which holds the tobacco and the fire
cīni,of or belonging to China
cillι,a period of forty days; the forty days of Lent during which Muslims remain at home or mosque and engaged in divine worship
ciriv ciriv,to make a twittering
cirīgoš,pleasure caused by vocal exercise
cīrbāl,the game of football
cobιrι mot,madly in love at first sight with some particular girl; lusting for a girl
cogilʸ,tale-bearing
cogilʸ, back-biting
cogilʸ, slandering
cogilʸ, slander
cōⁿkʰur,a group of four
cōk,an enclosure set apart for cooking or distributing food
cūri,a collection of creases in fine cloth
cūri, the like made by folding
cūri, sewing
cukāw,the settlement or fixing of a price between buyer and seller
cipι kə̄ni,dull-eyed
cipι kə̄ni, blear-eyed
cͻgι,a kind of cloak reaching to the feet like a dressing-gown
cͻkʰtι,roast meat kept over from dinner and suitable for the following midday meal
cʰͻmbun,to thresh grain
cukāwun,to fix or settle a price
dabāwun,threaten
dabāwun, endanger
dabāwun, pressure
dabāwun, terrorize
dabāwun, make threats
dacʰ,grape
dacʰi-bāg,vineyard
dacʰirə̄ⁿṭʰ,grape vine
dacʰgurun,bunch of grapes
dagā diyun,deceive
dagā diyun, mislead
dagā diyun, betray
dagā diyun, misinform
dagā diyun, cheat
dagā diyun, defraud
dagā diyun, delude
dag,pain
dag, ache
dag, intimate affection
dafā,repulse
dafā, reject
dafā, rebuff
dafā, ward off
dagābāz,traitor
dagābāz, conspirator
dagābāz, double agent
dagun,crush
dagun, squash
dagun, mash
dagun, press
dah,ten
dakʰιl,interference
dakʰιl, nosiness
dakʰιl, intrusion
dakʰιl, hindrance
dǝhyum,tenth
dakι dʸun,to push
dakur,hammer
dakι,jolt
dakι, jerk
dakι, shake
dakι, push
dalīl,proof
dalīl, facts
dalīl, evidence
dāg dār,shameful
dāg dār, appalling
dāg dār, disgusting
dam,breathe heavily
dam, wheeze
dam, pant
dam, puff
dam, gust
dalōm,round
dan,handle
damzǝdι,gasping
damzǝdι, out of breath
dapun,to tell
dapun, inform
dapun, let know
dapun, say to
dapun, put in the picture
darιdar,& v. bargain
darιdar, good deal
darιdar, good buy
darιdar, haggle
darιdar, barter
darιdar, negotiate
darji,degree
darji, rank
darji, position
darji, class
darji, condition
darji, quality
darmārtʰ,pension
darmārtʰ, retirement fund
daram,contributions
daram, aid
daram, offerings
daram, help
daram, donations
daram, charity
darkʰāst,appeal
darkʰāst, request
darkʰāst, petition
darm,religion
darm, faith
darm, belief
darm, religious conviction
darōgā jēl,jailor
darwāzι kʰōlun,to shut the door
darpōk,timid
darpōk, nervous
darpōk, fearful
darmiyenī,in between
darmiyenī, in the middle of
darmiyenī, among
darmiyenī, amid
darmiyāndār,agent
darmiyāndār, mediator
darmiyāndār, negotiator
darmiyāndār, representative
darwāzι,door
darwāzι dʸun,cose the door shut the door
darzi,tailor
dastιkʰat,signature
dastιkʰat, autograph
dastιkʰat, name
dazān dazān nerun,inflammatory
dazān dazān nerun, rabble-rousing
dazān dazān nerun, provocative
dazān dazān nerun, aggressive
dazān dazān nerun, rousing
dazān dazān nerun, incendiary
dastār,turban
dawa,medicine
daⁿd ṭakar aʦun,to shiver
daⁿd ṭakar aʦun, tremble
dāri,windows
dastι-kǝsyān,used as derogatory term which mean cholera
dastι-kǝsyān, belittling
daⁿd,teeth
daⁿdιr,brim
daⁿdιr, edge
daⁿdιr, rim
daⁿdιr, lip
daⁿdιr, top
daⁿdkʰilāl,tooth-pick
dāⁿdur,vegetable grocer
dāg,scar
dāg, blemish
dāg, scratch mark
dāg, disfigurement
dālcīn,cinnamon
dāgdār,dishonored
dāgdār, desecrated
dāgdār, corrupted
dāgdār, tarnished
dālι,pulses
dām,sip
dām, drink
dām, swallow
dāmān,skirt
dānι mǝʦʸ,mud used for maintenance of oven
dāg lagun,to stain
dāg lagun, spot
dāg lagun, mark
dāg lagun, disgrace
dāg lagun, defile
dān,hearth
dān, fireplace
dān, grate
dānι-kuṭʰ,kitchen
dānι-kuṭʰ, cooking range
dānι,pimple
dānι, acne
dāni,paddy
dār,gallows
dāv,wager
dāv, bet
dāv, gamble
dās,the lower timber of a doorway
dās, beam
dās, board
dās, edge rock shelf
dās, protrusion
dāwa karun,claim
dāwa karun, say
dāwa karun, declare
dāwa karun, profess
dāwa karun, maintain
dāwat,invitation
dāwā,to file case
dāwā, argument
dāwā, defense
dāy,midwife
dāⁿd wāyun,to plough field
dāⁿd,bull
dāniwal,coriander leaves
dāniwal, coriander seeds
dānι,grains
dāⁿdιloṭ,tail of yak
demāg,mind
demāg, intelligence
demāg, common sense
demāg, intellect
demāg, head
demāⁿgrusti,insensible
demāⁿgrusti, insensitive
demāⁿgrusti, indifferent
demāⁿgrusti, uncaring
demə̄gī gaʦun,delirium
demə̄gī gaʦun, hallucination
demə̄gī gaʦun, restlessness
demə̄gī gaʦun, confusion
demə̄gī gaʦun, frenzy
dēⁿṭʰun,girdle
daras,stack
daras, heap
daras, pile
dev,demon
dev, evil spirit
dev, fiend
dev, sprite
dev, mischievous sprite
devōlι,bankrupt
devōlι, out of order
devōlι, defunct
dewār,wall
dewār, partition
dewār, barrier
dewār, fence
dewān kʰān,palace
dewān kʰān, fortress
dewānι,mad
dewānι, foolish
dewānι, barmy
dewānι, nutty
dewι,possibly
dewι, probably
dewι, perhaps
dewι, maybe
dēg,big cooking pot
dēg, degchi
dildār,sweetheart
dildār, darling
digar,late afternoon
digar, sunset
digar, nightfall
digar, sundown
digar, twilight
digar, dusk
dil malūl,sad of heart
dil malūl, unhappy
dil malūl, heartrending
dilāsι dʸun,console
dilāsι dʸun, comfort
dilāsι dʸun, soothe
dilāsι dʸun, relieve
dil,heart
dilbadan,adored
dilbadan, favorite
dilbadan, darling
dilbadan, beloved
dilcespī,interest
dilcespī, attraction
dilcespī, attention
dilcespī, importance
dilkʰoš sapdun,rejoice
dilkʰoš sapdun, celebrate
dilkʰoš sapdun, be pleased about
dilkʰoš sapdun, cheer
dilkʰoš sapdun, be glad
dil-pasⁿd,delightful
dil-pasⁿd, pleasant
dil-pasⁿd, charming
dil-pasⁿd, lovely
dil-pasⁿd, wonderful
dilkʰoš,comfortable
dilkʰoš, happy
dilkʰoš, easy
dilkʰoš, calm
dilkʰoš, contented
dilkʰoš, at ease
dil-ō-jānι sιt,cordially
dil-ō-jānι sιt, warmly
dil-ō-jānι sιt, affectionately
dil-ō-jānι sιt, affably
dilehri,courage
dilehri, bravery
dilehri, guts
dilehri, daring
dilehri, audacity
diltang,distressed
diltang, upset
diltang, troubled
diltang, concerned
diltang, worried
diltang, unhappy
diltang, bothered
dil-uk jōš,emotion
dil-uk jōš, feeling
dil-uk jōš, sentiment
dil-uk jōš, passion
dinιwōl,one who give or make happen
divdōr,cedar
diyun,to give
diyun, offer
diyun, present
diyun, bestow
diyun, give
dīp,lamp
dǝbʸbāy,washerwoman
dīn,religion
dīn, faith
dīn, belief
dīn, religious conviction
dǝbrāwun,to bury
dǝbrāwun, put in the ground
dǝbrāwun, lay to rest
dam,second
dam, moment
dam, jiffy
dam, flash
dam, minute
dǝhribōj,fellow
dǝhribōj, partner
dǝcʰun,& n. right
dǝcʰun, south
dǝj,handkerchief
dǝj,corn-field
dǝkʰin,south
dǝrkι,leech
də̄n,pomegranate
dǝrkιgor,leech-man
dǝryāft gaʦun,discover
dǝryāft gaʦun, find out
dǝryāft gaʦun, learn
dǝryāft gaʦun, determine
dǝryāft gaʦun, notice
dǝryāft gaʦun, ascertain
dǝryāft karun,to inquire
dǝryāft karun, query
dǝryāft karun, make inquiries
dǝryāft karun, find out
dǝryāft karun, see if
dǝryāftι,detect
dǝryāftι, notice
dǝryāftι, discover
dǝryāftι, find out
dǝryāftι, find
dǝryāftι, reveal
dǝryāftι, expose
dǝryāftι, uncover
dǝsil bāy,mason’s wife
dǝryāv,river
dāsι,brim of door or like
dāsι, border
dāsι, frame
dǝsil,mason
dǝcʰi pʰol,grape
dāstān,tale
dāstān, story
dāstān, narative
dǝcʰi pōⁿpur,an insect making noise during autumn
dǝyum,second
dǝyum, next
dǝyum, succeeding
dazun,destroy by fire
dazun, burn up
dazun, burn down
dazun, be on fire
dazun, be ablaze
dazwun,burning
dazwun, flaming
dazwun, aflame
dazwun, ablaze
dazwun, on fire
dazwun, blazing
dazwun, fiery
dob,washerman
dog,punch
dog, blow
dog, hit
dog, thump
draⁿg,a tourist resort in Kashmir
dog lāyun,punch
dog lāyun, batter
dog lāyun, beat
dog lāyun, strike
dog lāyun, hit
dog lāyun, batter
dog lāyun, pummel
dohas,daytime
dohas, hours of daylight
doh lōsun,sunset
doh lōsun, sundown
doh lōsun, dusk
doh lōsun, the end of the day
doh-pat-doh,day after day
doh-pat-doh, regularly
doh-pat-doh, relentlessly
doh-pat-doh, day in day out
doh-pat-doh, continually
doh-pat-doh, constantly
doh,day
doh, date
doh, calendar day
doh, day of the week
dōlι,sideways
dōlι, lateral
dohay,always
dohay, at all times
dohay, constantly
dohay, permanently
dohay, continually
dohay, continuously
dohay, always
dohay, constantly
dohay, endlessly
dopahar,noon
dopahar, midday
dopahar, twelve noon
dopahar, noontime
dōst,friend
dōst, pal
dōst, buddy
dōst, companion
došwǝy,both
došwǝy, together
došwǝy, in cooperation
došwǝy, equally
došwǝy, mutually
došān,flowing
došān, sinuous
došān, fluid
došān, smooth
dor,durable
dor, tough
dor, sturdy
dor, strong
dor, robust
dor, long-lasting
dōstι banun,make friends with
dōstι banun, take care of
dōstι banun, look after
dōstι banun, help
doyšīt,eighty-two
doylaṭi,two times
doyšītihum,eighty-second
doytrιh,thirty-two
doypʰirι,twice
doypʰirι, two times
doykʰə̄r karun,to bless
doykʰə̄r karun, purify
doytə̄jih,forty-two
doytrιhιyum,thirty-second
dⁿkʰι lagun,deceived
dⁿkʰι lagun, mislead
dⁿkʰι lagun, betrayed
dⁿkʰι lagun, misinformed
dⁿkʰι lagun, cheated
dⁿkʰι lagun, defrauded
dⁿkʰι lagun, deluded
doytə̄jihιyum,forty-second
dōⁿkʰι diyun,defraud
dōⁿkʰι diyun, take advantage of
dōⁿkʰι diyun, deceive
dōⁿkʰι diyun, mislead
dōⁿkʰι diyun, cheat
dōd āsun,to suffer
doⁿkʰι,deceit
doⁿkʰι, deceitfulness
doⁿkʰι, deception
doⁿkʰι, cheating
doⁿkʰι, falseness
doⁿkʰι, fraud
dōd karun,sensation of pain
dōd,disease
dōd, illness
dōd, sickness
dōd, ailment
dōd, virus
dōd, infection
dōd, disorder
dōd, complaint
dōnunι,to card cotton
dōnunι, combing cotton with toothed instrument
dōr,running
dōdlad,ill
dōdlad, unwell
dōdlad, sick
dod,burnt
dod, be on fire
dod, blaze
dod, be ablaze
dod,
dōsdə̄rī,friendship
dōsdə̄rī, companionship
dōsdə̄rī, closeness
dōsdə̄rī, familiarity
dōranwōl,runner
dōranwōl, jogger
dōrnāwun,cause to run
dōrun,to run
dōrun, jog
dōrun, walk with good pace
dōzakʰ,hell
dɔd,milk
dāgun,to mark
dāgun, to brand
dāgun, to put a distinguishing mark on anything
dōⁿkʰιbāz,cunning
dōⁿkʰιbāz, underhanded
dōⁿkʰιbāz, tricky
dōⁿkʰιbāz, furtive
dɔdιrun,decay
dɔdιrun, decompose
dɔdιrun, rot
dɔdιrun, molder
dɔdιrun, perish
dɔdιrun, corrode
dɔdιrun, waste away
dɔdur,rotten
dɔdur, decayed
dɔdur, decomposed
dɔdšur,baby
dɔdšur, infant
dɔdšur, babe
dɔdšur, newborn
dɔdι baci,infant
dɔdι baci, newborn
dɔdι baci, child
dɔdιrāwun,rot
dɔdιrāwun, decompose
dɔdιrāwun, decay
dɔdιrāwun, perish
dɔykʰə̄r,lucky charm
dɔykʰə̄r, amulet
dɔykʰə̄r, mascot
dɔykʰə̄r, good blessings
dɔkʰ,affliction
dɔkʰ, suffering
dɔkʰ, misery
dɔkʰ, pain
dɔkʰ, hardship
dɔkʰιlad,sorrowful
dɔkʰιlad, heartrending
dɔkʰιlad, upsetting
dɔkʰιlad, distressing
dɔr,pearl
dɔkʰlǝdin,sorrowful
dɔkʰlǝdin, heartrending
dɔkʰlǝdin, upsetting
dɔkʰlǝdin, distressing
daram,a forester
dɔs,wall
dɔs, partition
dɔs, barrier
dɔs, fence
drog,high-priced
drog, expensive
drog, costly
drog, pricey
drojer,pricey
drojer, costly
drojer, expensive
drojer, valuable
draⁿgal,stage
draⁿgal, playhouse
draⁿgal, theater
drāg,famine
drāg, scarcity
drāg, food shortage
drāg, food crisis
drāg, deprivation
drāv,to exit
drāv, go out
drāv, go
drāv, leave
drōt,grass-cutter
drōt wāyun,to sickle
drōt wāyun, cut
dubārι,again
dubārι, all over again
dubārι, for a second
dubārι, yet again
dubārι, another time
dubārι, once more
drōⁿṭʰ,not easily to be broken
drɔkʰ,vomiting
drɔkʰ, nausea
drɔkʰ, queasiness
drιy,oath
drιy, swearword
dubrāyi,heart beating
duci,twin
duh,smoke
duh, smolder
duhul,daytime
duhul, daylight
duhul, daylight hours
duhə̄ṭʰ,sixty-two
duh watʰun,burn
duh watʰun, be on fire
duh watʰun, smolder
duh watʰun, smoke
duhə̄ṭʰʸum,sixty-second
dujān,pregnant
dujān, with child
dujān, expectant
dujān, expecting
dujān, heavy with child
dukāndār,shopkeeper
duk,notch
duk, nick
duk, cut mark
dukə̄rʸ,scissors
dumdām,ostentation
dumdām, showiness
dumdām, pretension
dum,tail
dum, back
dunammatʰ,ninety-two
dunamtιhʸum,ninety-second
duniyādār,wealthy
duniyādār, rich
duniyādār, well-off
duniyādār, affluent
duniyādār, prosperous
duniyādār, moneyed
dunun,brush off
dunun, flounce
dunun, remove
dunun, clear
dunun, brush away
dunyā,world
dunyā, globe
dunyā, planet
dunyā, humankind
dunyā, humanity
duri pʸeṭʰ wasun,dismount
duri pʸeṭʰ wasun, get down
duri pʸeṭʰ wasun, get off
dusι,gents shawl
dusattat,seventy-two
dusattιhum,seventy-second
dušman,enemy
dušman, rival
dušman, foe
dušman, rival
dušman, competitor
dušman, opponent
dušman, challenger
dušman, enemy
dušman, foe
dušmanī,enmity
dušmanī, hostility
dušmanī, antagonism
dušmanī, unfriendliness
dušmanī, conflict
dušmanī, argument
dušmanī, disagreement
dušmanī, disharmony
dušmanī, dispute
duwā,pray
duwā, wish
duwā, call upon
dob,nearly full
dob, not quite full
duwanzah,fifty-two
duwanzǝhʸum,fifty-second
duⁿgι,ferry
duⁿgι, small house-boat
dūdal,dandelion
dūnhatʰ,seventy-five
dūn,three-fourth
dūnι tre,two and three quarters
dūr andēš,prudent
dūr andēš, far-sighted
dūr andēš, wise
dūr andēš, practical
dūr andēš, sensible
dūr andēš, cautious
dūr andēši,prudence
dūr andēši, forethought
dūr andēši, cautiousness
dūr,distant
dūr, far-away
dūr, far-off
dūr, far
dūr, isolated
dūri,remote
dūri, distant
dūri, far-flung
dūri, far-off
dūri, apart
dūrer,separation
dūrer, partition
dūrer, disconnection
dūri pʸeṭʰ,at a distance
dūri pʸeṭʰ, not together
dūri pʸeṭʰ, away from each other
dūri pʸeṭʰ, spaced out
dūri pʸeṭʰ, distant
dusι pǝṭ,gents shawl
dʸānatdār,honest
dʸārιwōl,rich
dʸārιwōl, wealthy
dʸārιwōl, well-off
dʸār,riches
dʸār, treasures
dʸār, reserves
dʸār, money
dʸār, capital
dʸāwun,cause to give
dʸel,bark of tree
dʸel, rind of fruit
dʸel, peel
dʸel, skin
dʸel, outer layer
dιrιy hāwun,to swear
dιrιy hāwun, vow
dιrιy hāwun, promise
dιrιy hāwun, give your word
də̄d kot,good friends and relatives by the side in grievance
də̄n pōš,flowers of pomegranate
də̄dladin,sick
də̄dladin, ill
də̄dladin, not a hundred percent
də̄n-ras,pomegranate juice
də̄vrι,ring worn on the finger
də̄r,beard
də̄r,window
də̄r, windowpane
də̄yrι,circle
də̄yrι, ring
də̄yrι, round
də̄yrι, sphere
dab,slip
dab, fall
dab, lose your balance
dʸūr,a kind of glue used in paint
darmandι,helpless
darmandι, weak
darmandι, unaided dependent
dānι kuṭʰ,kitchen
divιsar,name of a lake
dabādab,very quickly
dabādab, speedily
dabang,drunk
dabang, insensible from consuming an intoxicating drug
dabāv,pressing down; force
dabāv, strength
dabāv, power; authority
dabāv, influence
dabāv, prestige
dabι dabι,power
dabιlad,damaged by a blow from a fall
dabιlǝdin,damaged by a blow from a fall
dacʰer,hard-heartedness
dād,law
dād, equity
dād, justice
dadārι,destruction of property
dadιrāwun,to make weak
dadιrāwun, to oppress
dadrāy,a violent and continuous storm of rain
dagith,to beat
dacʰin,a fee or present offered to an officiating priest or teacher
dahri bājēn,a member of a row of women met together for singing
dahri bōj,a member of a row met together for dome good or bad conduct
dahri dahri,in rows
dahri dahri, in lines
dāⁿdar kʰāh,a kitchen-garden
dāⁿdar kʰāh, also a name of a place in Srinagar
dāⁿdι brāṭʰ,one who is as stupid as an ox
dāⁿdιrenʸ,a woman who herself sits in the market and sells such articles
dāranwōl,owned
dāranwōl, loaner
dārangī,delay to occur in some work commenced
darayōmut,firm
darayōmut, strong
darayōmut, entirely recovered from illness
darayōmut, naughty
darāz,extended
darāz, stretched out
darāz, long
darāzι,a chest of drawers
dārel,long-bearded
darham,entangled
darham, distorted
darham barham gaʦun,to become confused or paralyzed with astonishment
darnι kaṭʰ,to maintain or keep a fast
darnι kaṭʰ, to fast
darkār,necessary
darkār, required
darkār, wanted
darmιc katʰ,a word of piety
darmιc katʰ, a truthful statement
darpēš,under consideration
darpēš, under trial
dārun,to owe (money)
dārun, to have on loan
daršan gah,a place where one interviews a superior
darun,to do some good practice for meditation
daršun,a visit of respect
daršun, or of adoration
darvēš,a dervish
darvēš, a religious mendicant
darʸuš,one who drives a hard bargain
darʸuš, closefisted
dārutʰ,a debt
dārutʰ, money
dārutʰ, etc.
dārutʰ, taken on loan
das wͻtʰun,to set about commencing a work which has been delayed
das,delay
das, hindrance
das, obstruction
dašā,the influence of a predominant planet on fortune of a person
dāš,strength
dāš, lastingness
dāš, durability
dāš, the property of not being easily worn out
daršan də̄r,a window where one stays for adoration
daši,the fringes of a cloth or garmenta
dǝbin,a washerman's club
dǝbin, used for beating the clothes he is washing
dǝbιritʰ tʰāwun,hurriedly to bury or hide in the ground
dǝcʰnʸuk,of or belonging to the south
dǝdūsι,excessive thirst
dēgul,a globular wide-mouthed earthen pot for cooking meat
dǝdιr,a certain coetaneous disease
dǝdιr, itch
dǝdιrilad,suffering from the disease of itch
dēgι batι,rice cooked in a cauldron
dǝrz,a fissure
dǝrz, cleft
dǝrz, crack
dǝrz, flaw
dig,a peck
dig, beak-bite
digal,a bird inclined to peck
digin,a continual flow
digran,around 5 o'clock
digras,in the late afternoon or thereabouts
digι dig,mutual pecking
digι dig, as in a cock-fight
dis,give to him
dohā dohā,daily
dohā dohā, every day
dōrandēš,far-sighted
dōrandēš, far-seeing
dōrandēš, keen
drāl,a broker
drāl, an agent
drāl, property dealer
drālǝz,the profession of broker
dramun,a kind of grass
dramun, Panicum dactylon or Cynodon dactylon
dran,low marshy ground near lakes
drangalι,a gang of people collected for a sudden robbery or the fuss
drangι bal,a frontier tollhouse
drangι bal, custom-house
drangι bal, passport office
drustis dohas,all day
drasι,pulling at a rope
drasι, a cloth
drasι, or a like
drās,name of a town and district in Baltistān
drustι dohas,all day long
drusι,entire
drusι, full
drēⁿṭʰun,to become suddenly invisible
drustι wait,all the way
drustι wait, during the whole journey
drūy,a woman's husband's brother
drιh,a frown
drͻkun,to run
drͻkun, play
dub dub,beating of the heart from fear or the like
drιhʸladin,a frowner(female)
drə̄ʦ dan,the handle of such a sickle
drῑlʸ,commission paid to a broker
drῑlʸ, brokerage
dubι,fallen upside down
drιhʸlad,a frowner(male)
dubιrāhrāy,a repeated knocking at a door
dudarι,stout and strong
dudastι,two-handed
dugāḍι,double-bladed mattock
dugan,twofold
dugan, double
dugōš,a disease of the eyes which apparently multiplies the object
dūradaršī,far-sighted
dūradaršī, far-seeing
dūradaršī, foreseeing
dʸed,an elderly lady
dʸed, such as a mother
dʸed, grandmother
dʸed, the chief wife in a household
dūjι,the blackboard used as a slate for writing in schools
duhǝtyum,two-hundredth
durǝngi,of two colours
dιdι pʰōrun,to speak slowly and in a whisper
dʸōn,a kind of small churning-stick
dʸōn, used for churning curdled milk
dιrkākni tōn,relationship between a younger brother's wife and an elder brother's wife
dιhǝn,the bad smell of milk
dιrkākinʸ,a term of address used between wives of two or more brothers
dͻbʸ drāv,come from the wash
dͻbʸ drāv, cleaned and returned by the washerman
dͻdι ambιr,a certain kind of apple with a milky taste
dιdι kaḍun,to whisper
dͻbιran,to bury
dͻbιran, to hide in the ground; to bury
dͻdι beni,a milk-sister
dͻdι beni, the daughter of a foster-mother
dͻdι beni, a foster-sister
dͻdur aʦun,to enter decayedness
dͻdι heḍur,a milk-mushroom
dͻdι heḍur, a small delicate species of mushroom
dͻdι wǝgrι,a thick kind of rice-milk
dͻdι lōṭι,a milk-darling; a good-looking well-mannered child
dͻdι ʦoḍ,a large earthenware vessel for milk
dͻgal batι,cooked rice with clotted lumps of rice in it
dͻdι wǝṭ,unripe Indian corn
dͻdι zel,the cream of clotted milk
dͻhlʸ gāši,daytime
dͻhlʸ gāši, the time from sunrise to sunset
dͻgway,wages paid for husking grain
durgatʰ,defeat
durgatʰ, poorness
də̄sī,a female servant
də̄sī, female devotee
dͻrlab,difficult to get
ehlikār,retinue
ehlikār, attendants
ehlikār, followers
fāydι,benefit
fāydι, advantage
fāydι, profit
fāydι, help
fajr,time of morning prayer in Muslims
fajr, daybreak
farhat,gladness
farhat, pleasure
farhat, happiness
fān gaʦun,obliterate
fān gaʦun, wipe out
fān gaʦun, destroy
fān gaʦun, eliminate
farēb,deceit
farēb, deceitfulness
farēb, deception
farēb, cheating
farēb, falseness
farēb, fraud
fāris,Persia
faⁿwārι,fountain
farmābardār,obedient
farmābardār, submissive
farmābardār, dutiful
farmābardār, subservient
fārsī,Persian language
fasl,crop
fasl, harvest
fasl, yield
fasl, produce
fǝryād din,weep aloud
farιd,gents shawl
fatwā dʸun,to sentence
fatwā dʸun, pass judgment
fatwā dʸun, punish
fatwā dʸun, to verdict
fatāmand āsun,victorious
fatāmand āsun, winning
fatāmand āsun, successful
fatāmand āsun, champion
fatāmand āsun, glorious
fatah,victory
fatah, conquest
fatah, triumph
fatah, win
fatah, success
fatah karun,gain a victory
fātiyeh parun,worship for the peace of dead
fayāz,generous
fayāz, kind
fayāz, liberal
fǝkīr,beggar
fǝkīr, homeless person
fǝkīr, vagrant
fǝriftι karun,attracted
fǝriftι karun, fascinated
fǝriftι karun, engrossed
fǝriftι karun, mesmerized
fǝrištι,angel
fǝrištι, cherub
fǝrištι, cupid
firkι,clan
firkι, tribe
firkι, kinfolk
firkι, family
firkι, race
firkι, people
firkι, band
firkι, community
fuzūl,useless
fuzūl, ineffective
fuzūl, hopeless
fuzūl, of no use
fursat,break
fursat, chance
fursat, vacation
fursat, time off
fōran,instantly
fōran, at once
fōran, immediately
fōran, instantaneously
fιlēnʸ,referring to particular person
fə̄nī,mortal
fə̄nī, earthly
fə̄nī, worldly
fə̄nī, human
fə̄nī, life-threatening
fə̄slι karun,decide
fə̄slι karun, make a decision
fə̄slι karun, come to a decision
fə̄slι karun, choose
fə̄slι karun, settle on
fə̄slι karun, fix on
fə̄slι,decision
fə̄slι, choice
fə̄slι, judgment
fə̄slι, resolution
fə̄slι, assessment
fə̄slι, evaluation
fə̄slι,distance
fə̄slι, detachment
fə̄slι, remoteness
fə̄slι, reserve
fə̄slι, space
fə̄ydιmand,usefulness
fə̄ydιmand, helpfulness
fə̄ydιmand, effectiveness
fə̄ydιmand, efficacy
fə̄ydιmand, worth
gabι,quilt
gabι, woolen mat
gaḍur,goiter
gāḍ,fish
gāḍhāⁿzʸen,fisherwoman
gagar ʦʰal,trap to catch rats
gāḍιhə̄ⁿz,fisherman
gagrāy,thunder
gagrāy, rumble
gagrāy, noise after a flash of light
gagur,mouse
gagur, rat
gagιr,mice
gal,cheeks
galah,grain
gǝj,oven
galat,false
galat, fake
galat, untrue
galīz,filth
galāzat,filth
galāzat, dirt
galāzat, indignity
gālib yun,prevail
gālib yun, succeed
gālib yun, win through
galtī,mistake
galtī, fault
galtī, blunder
galun,decrease
galun, reduce
galun, diminish
galun, lessen
galun, decline
galun, shrink
galun, drop off
gālun,melt
gālun, dissolve
gālun, soften
gālun, liquefy
galwān,thug
galwān, bandit
galwān, criminal
galwān, heavy
galwān, hooligan
galwān, offender
galwān, lawbreaker
galitʰ gaʦʰun,disappear
galitʰ gaʦʰun, melt away
galitʰ gaʦʰun, vanish
galitʰ gaʦʰun, dissipate
gam barun,to grieve
gam barun, mourn
gam barun, feel sad
gam barun, be sad
gam kāsun,to remove grief
gam kʰʸun,to grieve
gam kʰʸun, mourn
gam kʰʸun, feel sad
gam kʰʸun, be sad
gamgīn,distressed
gamgīn, upset
gamgīn, troubled
gamgīn, concerned
gamgīn, worried
gamgīn, unhappy
gamgīn, bothered
gām,village
gām, rural community
gām, township
gamgīn āsun,upset
gamgīn āsun, worried
gamgīn āsun, unhappy
gamlι,vase
gamlι, bud vase
gamlι, urn
gān,underground
gān, ground floor
gam,sad
gam, cheerless
gam, depressing
gam, distressing
gam, miserable
gam, gloomy
gaⁿḍ,joint
gaⁿḍ, linkage
gaⁿḍ, bone joint
gaⁿḍ,knot
gaⁿḍun,betrothal
gaⁿḍun, engagement
gaⁿḍun, commitment
gaⁿḍι,onion
gāⁿgal karin,to interrupt
gannι,sugarcane
gāⁿgal,interruption
ganhar,a kind of candied sugar with poppy seeds
gāⁿṭ,eagle
gāⁿṭ,kite
ganṭι,hour
ganun,to be thick
ganun, condense
ganun, congeal
gaⁿzrāwun,to count
gaⁿzrāwun, add up
gaⁿzrāwun, count up
gaⁿzrāwun, calculate
gār,cave
gār, cavern
gār, den
gār, grotto
garbι,womb
garībī,poverty
garībī, neediness
garībī, hardship
garībī, deprivation
gardan,neck
garm,heat
garm, high temperature
garm, warmth
garmī,warm
garmī, temperate
garmī, hot
garmī, affectionate
garmī, loving
garmāwun,to heat
garmāwun, blaze
garmāwun, boil over
garmī danι,herpes
garoh,group
garoh, group of pupils
garoh, course group
garun,sharpen
garun, cut
garun, file
garι pǝṭʰʸ,groom who has to live with his inlaws
garmi,scabies
garmi, itching skin disease
garι,house
garι, dwelling
garι, residence
garι, place of abode
garιd,dust
garιd, dirt
gāš,light
gāš, day time
garιwājenʸ,wife
garιwōl,house holder
gašt,walking
gašt, on foot
gašt, under your own steam
gassι kʰʸun,graze
gaštι karun,walk about
gaštι karun, roaming
gāsι lōw,hay
gat karin,revolve
gat karin, rotate
gat karin, circle
gat karin, turn around
gat karin, gyrate
gāṭa dʸun,teach
gāṭa dʸun, to impart knowledge
gāṭa dʸun, educate
gāsι,grass
gat,turning round
gat, revolving
gat, going round
gātṭʰ,landing-place
gāṭul,wise
gāṭul, clever
gāṭul, bright
gāṭul, intelligent
gāṭul, smart
gāṭul, knowledgeable
gāṭul, intellectual
gāṭul, quick
gāṭul, witty
gaṭι,darkness
gaṭι, night
gaṭι, gloom
gaṭι, dimness
gaṭι, shadows
gatι,revolution
gatι, rotation
gatι, spin
gatι, cycle
gatι, gyration
gāṭιjār,vigilance
gāṭιjār, watchfulness
gāṭιjār, care
gāṭιjār, caution
gāṭιjār, attention
gāṭιjār, observation
gāṭιjār, alertness
gāṭιjār, awareness
gāṭιj,intelligent
gāṭιj, insightful
gāṭιj, quick
gaš,faint
gaš, giddy
gaš, fall unconscious
gaʦʰ,depart
gaʦʰ, leave
gaʦʰ, make tracks
gaʦʰ, disappear
gaʦʰ, set out
gaʦʰ, move off
gaʦʰ, proceed
gaʦʰ, advance
gaʦʰ, go forward
gāv,cow
gaʦʰun,pass
gaʦʰun, go by
gaʦʰun, bypass
gaʦʰun, leave behind
gawā dinιwōl,witness
gawā dinιwōl, onlooker
gawā dinιwōl, spectator
gawā dinιwōl, eyewitness
gawāh,witness
gawāh, onlooker
gawāh, spectator
gawāh, eyewitness
gawāy,minstrel
gawə̄hī,testimony
gawə̄hī, proof
gawə̄hī, evidence
gawə̄hī, indication
gaz,yard
gazabnāk,furious
gazabnāk, fuming
gawə̄hī,to witness
gawə̄hī, behold
gawə̄hī, view
gāzιr,carrot
gazab,wrath
gazab, temper
gazab, anger
gazab, rage
gɔḍ,ankle
gɔḍι,commencement
gɔḍι, beginning
gɔḍι, origination
gɔḍι, start
gɔḍι, instigation
gɔḍι, inauguration
gɔḍ,root
gɔḍ, origin
gɔḍ,stem
gɔdιkor,anklet
gɔgιj,turnip
gɔlāb,rose
gɔlāb, a kind of flower
gɔtι diyun,dive
gɔtι diyun, jump
gɔtι diyun, go underwater
gɔtι diyun, submerge
gɔpʰ,cave
gɔpʰ, den
gɔpʰ, cavern
gɔpʰ, grotto
gɔlə̄mi,slavery
gɔlə̄mi, bondage
gɔlə̄mi, drudgery
gɔlām,slave
gɔlām, person without freedom
gɔtι,dip
gɔtι, sink
gɔtι, douse
gɔtι, submerge
gɔtι, duck
gehnι,ornament
gehnι, adornment
gērι karun,surround
gērι karun, border
gērι karun, enfold
gērι karun, encircle
gēlun,mock
gēlun, laugh at
gēlun, poke fun at
gēlun, tease
genʸ,wrinkle
genʸ, fold
genʸ, crumple
genʸ, crinkle
gǝr,clock
gǝr, watch
gǝr, timepiece
gǝr, wrist watch
gͻʦι,cocoon
gͻʦι, wrap insect larvae in silk thread
gǝv,ghee
gǝv, clarified butter
gewān,singing
gewān, playing
gewān, in performance
gewān, on stage
gewan dǝhar,minstrel
gewun,song
gilāf,cover
gilāf, sheath
gilāf, casing
gilāf, wrapper
gilāsι,cherry
gilāsι,tumbler
gilāsι, glass
gilhari,squirrel
gilāsι kul,cherry tree
gindun,occupy yourself in sport
gindun, have fun
giriftār karun,entangle
giriftār karun, trap
giriftār karun, entrap
giriftār karun, catch up
giriftār,grab
giriftār, grab hold of
giriftār, get hold of
giriftār, arrest
gob,heavy
gob, weighty
gober,dear son
gober, child or the like
gēlun,to ridicule
gobʸer,deafness
gobιr,dear daughter
gobιr, or the likw
god karun,pierce
god karun, prick
god karun, penetrate
god karun, perforate
god karun, puncture
gonah,sin
gonah, offense
gonah, failing
gonah, crime
gonah, wrongdoing
gōl,spherical
gōl, round
gōl, sphere-shaped
gōl, circular
gōⁿd,glue
god,aperture
god, hole
god, opening
goḍnʸuk,first
goḍnʸuk, original
goḍnʸuk, foremost
goḍnʸuk, earliest
gōr karun,consider
gōr karun, think
gōr karun, think about
gōr karun, mull over
gōr karun, reflect on
gōr karun, deliberate
gōr karun, take into account
gōr,saint
gōr, priest (Hindu)
gōr,thick brown sugar
gōr, molasses
goš,inattentive
goš, forgetful
goš, distracted
goš, absentminded neglectful scatterbrained
gālun,to cause to melt
graⁿd,calculation
graⁿd, estimate
graⁿd, sum
graⁿd, adding up
graⁿd, result
graṭṭι,mill
gosul,& v. bathe
gosul, clean
gosul, cleanse
gosul, wash
gratιkǝnʸ,grindstone
gōr,water chestnut
goṭ,dark
goṭ, dim
goṭ, shady
goṭ, shadowy
goṭ, gloomy
gə̄r,hernia
graṭιwōl,miller
grāv karin,blame
grāv karin, hold responsible
grāv karin, charge
grāv karin, accuse
grāv karin, point the finger at
grāv karin, hold accountable
grāv,complaint
grāv, objection
grāv, grouse
grāy,shaking
grāy, shaky
grāy, quivering
grāy, shivering
grazun,to roar
grazun, growl
grɔzun,melody
grɔzun, modify
grɔzun, chorus
grɔzun, rattle
grɔzun, rebound
grɔzun, echo
grɔzun, resound
grɔkʰ,swallow
grɔkʰ, gulp
grēd,vulture
grǝkι-divun,hot
grǝkι-divun, very hot
grǝkι-divun, broiling
grǝkān,boiling
grǝkān, steaming
grǝkʰ,boil
grǝkʰ, simmer
grǝkʰ, bubble
grǝkʰ, cook
grǝkʰ, heat
greⁿd,counting
grezān,reverberate
grezān, rebound
grezān, echo
grezān, resound
grezān, resonate
grīs bāy,cultivator of soil
grīs bāy, planter
grīs bāy, farmer
gēlun,to blame a person by making him ridiculous
grīsʸel,cultivation
grīsʸel, agriculture
grīsʸel, crop growing
grɔz,leg of calf
grīs,cultivator of soil
grīs, planter
grīs, farmer
grūs,agriculturist
grūs, farmer
grūs, cultivator
grūs, grower
grez,echo
grez, resonance
grez, reverberation
grez, boom
gilan,shake
gilan, stir
gilan, blend
gilan, mix
gilan,turning about
gudōm,tether
gudōm, a rope for tying an animal
grʸuhun,eclipse
gudə̄mis gaⁿḍun,to fasten with a tether
guh,dung
guh, compost
guh, manure
guh, ordure
grīstιl,agriculture
grīstιl, farming
grīstιl, cultivation
grīstιl, crop growing
guhun,pulverize
guhun, mash
guhun, pound
gulilāla,tulip
gulilāla, a type of flower
gūlʸ lāyin,to shoot
gūlʸ lāyin, fire 
gūlʸ lāyin, kill
gulʸmīṭ,kiss on hand
gumān karun,presume
gumān karun, speculate
gumān karun, imagine
gōr,molasses
gōr, treacle
gūmbǝz,resonance
gūmbǝz, reverberation
gūmbǝz, boom
gujur,cowherd
gul,wrist
guh,cow-dung; buffalo-dung
gūlʸ,a bullet
gumrah karun,mislead
gumrah karun, misinform
gumrah karun, deceive
gunāhgār,criminal
gunāhgār, offender
gunāhgār, criminal
gunāhgār, lawbreaker
gumrah,astray
gumrah, off course
gumrah, lost
gumrah, off track
gūj,kernel
gūj, nut
gūj, seed
gūj, core
gujur,a man of a certain pastoral tribe which roams over the hills
gupan,herd
gur sawār,horse rider
gūlʸ,a bullet
gur,horse
gūr,milkman
gupan-gūr,cowherd
gupan-gūr, shepherd
gurin,mare
gūrʸ bāy,milkman’s wife
gurus,buttermilk
guzarwān,custom-officer
gutul,sufficient
gutul, adequate
gutul, an adequate amount of
gutul, enough
gūyin,stack
gūyin, mass
gūyin, load
guzrāwun,forward
guzrāwun, promote
guzrāwun, send on
guzrāwun, pass on
gōlι,bomb
gʸēwan bə̄t,song
gʸūr,vertigo
gʸūr, giddy
gʸūr, lightheaded
gʸūr, woozy
gʸūr, dizzy
gə̄bat,slander
gə̄bat, gossip
gə̄bat, a false and malicious statement about another
gιzah,food
guzar,custom
guzar, business patronage
guzar, duties in import
gə̄b gaʦun,vanish
gə̄b gaʦun, disappear
gə̄b gaʦun, fade away
gə̄b gaʦun, go
gə̄bat karān,to utter a slander about
gə̄bat karān, to defame
gə̄bat karān, to gossip
gə̄bat karān, a false and malicious statement about another
gə̄ḍʸ,car
gə̄ḍʸ, vehicle
gə̄ḍʸ, automobile
gə̄fil,negligent
gə̄fil, neglectful
gə̄fil, careless
gə̄liban,probably
gə̄liban, almost certainly
gə̄liban, most likely
gə̄liban, in all probability
gə̄liban, perhaps
gə̄nʸ,a whore
gə̄nʸ, a prostitute
gə̄rhə̄ⁿz,one who collects water chestnut
gāni,prostitutes
gə̄rfə̄nī,immortal
gə̄rfə̄nī, eternal
gə̄rfə̄nī, everlasting
gə̄rfə̄nī, never-ending
gə̄r-hə̄zir,absent
gə̄r-hə̄zir, not present
gə̄r-hə̄zir, missing
gə̄r-hə̄zir, not in attendance
gōⁿʦʰ,mustache
gͻʦ kʸum,silk-worm
guzār,burial place
guzār, last resting place
guzār, post
guzār, station
goḍιniy,at the very first
goḍιniy, first of all
garūr,haughtiness
garūr, arrogance
garūr, pride
ganḍ mιʦrāwun,to open a knot
ganḍ mιʦrāwun, unwrap
ganḍ mιʦrāwun, untie
ganḍ mιʦrāwun, unbolt
ganḍ mιʦrāwun, unlock
gagan,the atmosphere
gagan, sky
gagar dand,a human tooth which is very thin and sharp like that of rat
gah,shinning
gah, brightness
gahajār,shade
gahajār, dim illumination
gahun,to shine
gahun, be bright
gāl,a feeling of shame caused by another's actions
gālav,place in a boat in which luggage is stored
galdār,a grain-merchant
galdāren,either his wife or a female grain-merchant
gali pʰirun,to empty a jar by inverting it and pouring out the contents
galnāy,not molten
galnāy, not melted
galnāy, still unmelted
galnāy, not reduced to a liquid form (usually of metals exposed to heat)
galtān,the receptacle in which the day's receipts of a shopkeeper are deposited
galtān, the till
gālιwun,a destroyer
galιboḍ,one who has naturally a loud voice
gāⁿgal gaʦʰin,in the course of one piece of work
gāⁿgal gaʦʰin, to forget about it and to become busily engaged in another work
galιwān,one who habitually bullies and shouts at other
gǝdʸ,a royal palace where the king transacts business
gǝdʸ, the royal court
galιwə̄n,one who habitually bullies and shouts at other
gāⁿgιlāwun,to interrupt one when he busily engaged in some work
gari,in the house
gari, at home
gardi gaʦʰun,to become dusty
garuk,produced in a house
garik,produced in a house
garik, the family
gāⁿgιlun,to have one's attention diverted from any work
gegιr,the upper open part of a pair of drawers or pāy-jāmas
gardenʸ ganḍ,a name given to the nape of the neck
garēbān,a collar
garēbān, the opening or neck of a garment
gārι,continued longing
gārι, unsatisfied even by obtaining the desired object
gǝjʸ ṭʰor,the cover of traditional fire opening
gǝkʰιrband,inarticulate noise or shouting
gǝkʰιr,inarticulate noise
gelʸ,hitting anything by throwing a stick at it
gēlʸ,a thick solid beam
gilan mārin,to turn
gilan mārin, to flaunt or flourish one's ornaments
gǝl gǝl gaʦʰun,humiliated by abuse
gǝl gǝl gaʦʰun, shyly
gǝlitʰ gaʦʰun,to be melted
gǝlitʰ gaʦʰun, to be humble or humiliated by abuse or fear
gilaṭʰ,palting (sliver or gold)
gīdι,the excrement of a newly born child or other newly born animal
gīr gaʦʰun,met. to distress
gīr gaʦʰun, vex
gīr gaʦʰun, worry
gīr gaʦʰun, harass
gōhar,nature
gōhar, essence
gōhar, substance
gōhar, jewel
gol,the inside part of the corners of the mouth
gōl mōl,confusion
gōl mōl, jumble
gōl mōl, mess
golur,a swelling of the jowl or lower part of the cheek
gīrι rang,the colour of red ochre
gilιwun,to swindle
gōlι,a ball
gōlι, globe
gōrιbāy,the wife of a family priest
gujrenʸ,woman of a certain pastoral tribe which roams over the hills
gulēl,a pellet-bow
guhiy ambar,a pile of cow-dung
guhiy ambar, a dunghill
gujir,pastoral tribe which roams over the hills
gulnār,the flower of pomegranate
gul miyūṭʰ,a kiss on the forearm; or a gift fastened on the forearm of a child on the certain occasion like child birth
gul miyūṭʰ, wedding
gulnār,very red like flower of pomegranate
gulnār, crimson
gͻgι manzul,a child's swinging cot
gulubān,one who takes care of a herd of horses during pasturing
gulʸ ālιwǝn,to pass the hands over the head and face in order to pacify
gulʸ,name of a certain plant
gulʸ, Cichorium intybus
gulι,the act of churning or beating up by hand of two liquids together
gulι,the forearm
gulι, the arm between the elbow and the wrist
gulιwun,to roll something in the mouth
gurun,a young fish
gurun, any tiny fish
guhistān,the anus
gιhnāy,not ground
gιhnāy, not reduced to a fine powder
guh kʰonʸ,to eat ordure
guh kʰonʸ, to utter filthy lying words
gurʸ sawə̄r,horse ride
gol,the mouth of a jar
gol, opening of a bag
gol, entrance to a cave
gͻlāb ə̄rakʰ,rose=water
gͻlālι,the red poppy
gͻlālι, Papaver rhœas
gͻlə̄b,of the colour of a rose
gͻlə̄b, rosecoloured
gͻlə̄b, rosy
gͻlə̄b, pink
gə̄r wǝjib,improper
gə̄r wǝjib, unreasonable
gə̄r wǝjib, unjust
gə̄r wǝjib, wrong
gͻḍι,at first
gͻḍι, firstly
gə̄rι trāwun,to encompass
gə̄rι trāwun, surround
gə̄rι trāwun, walk round
gͻlur,the shell or skin of a walnut
gə̄rʸ,other
gə̄rʸ, different
gə̄rʸ, strange
gə̄rʸ, foreign
gͻrdə̄l,name of a certain fruit
gͻrdə̄l, a small apricot
habšī,negro
hagur,wheel
hajām,barber
hakə̄ni,true
hakə̄ni, factual
hakə̄ni, real
hakə̄ni, accurate
hakə̄ni, authentic
hakə̄ni, bona fide
hakə̄ni, correct
hak,duty
hak, responsibility
hak, obligation
hak, sense of duty
haftι,week
hakārat,scorn
hakārat, disrespect
hakārat, disapproval
hakārat, disdain
hakārat, contempt
hāk,vegetables
hāk, lattice leaf
hakʰdār āsun,deserve
hakʰdār āsun, be worthy of
hakʰdār āsun, ought to have
hakʰdār āsun, earn
hakīkat,reality
hakīkat, fact
hakīkat, actuality
hāl,hall
hakīr zanun,despise
hakīr zanun, hate
hakīr zanun, look down on
hakīr zanun, deride
hakīm,doctor
hakīm, physician
hǝkim,person in charge
hǝkim, organizer
hǝkim, chief
hǝkim, boss
hal,plough
hāl,condition
hāl, order
hāl, situation
hāl, state
hāl, form
hal,womb
halāl,legal
hālav,locust
hālat,condition
hālat, state
hālat, form
hālat, situation
hālat, circumstance
hālat, order
hālas,for present state
hālas, status
hālas, situation
hālas, condition
halwāy,confectioner
hālιhāl,recently
hālιhāl, freshly
hālιhāl, in recent times
hālιhāl, a moment ago
hālιhāl, lately
halīm,& adj. humbleness
halīm, humility
halīm, modesty
halīm, unassuming nature
ham umιr,equal in age
ham umιr, same in age
hamdardī,sympathy
hamdardī, kindness
hamdardī, compassion
hamdardī, empathy
hamdardī, understanding
hamām,& v. bath
hamām, wash
hamām, have a bath
hamām, bathe
hamām, shower
hamēšι,always
hamēšι, forever
hamēšι, eternally
hamēšι, endlessly
hamēšι, perpetually
hamēšι, continually
hāmī,defender
hāmī, protector
hāmī, guard
hāmī, warden
hāmī, guardian
hāmī, supporter
hamsāyih,neighbour
hamsāyih, fellow citizen
hamlι,assault
hamlι, physical attack
hamlι, attack
hamlι, beating
hand,name of wild herbal plant
hamtōl,pole
hana,less
hana, a lesser amount of
hana, not as much of
hana, fewer
hāⁿ-ḍūn,chestnut
hang-te-mang,accidentally
hang-te-mang, by chance
hang-te-mang, unintentionally
hang-te-mang, inadvertently
hang-te-mang, out of the blue
hāⁿgǝlʸ bacī,fawn
hāⁿgǝlʸ bacī, young deer
hāⁿgιj,snail
heng,horn
hāⁿgul,deer
hāⁿṭʰ,barren (woman)
hāⁿṭʰ, infertile
hāⁿṭʰ, unproductive
hamud,thank
hamud, gratitude
hamud, recognition
hāⁿgal,deer
hāⁿkal,chain
hāⁿkal, sequence
hāⁿkal, group
hə̄ⁿz,boatman
hāⁿʦ,conviction
hāⁿʦ, guilty verdict
hāput,bear
hār,cowry
hār,failure
hār, not a success
hār, disappointment
har hamēšι,eternal
har hamēšι, ceaseless
har hamēšι, never-ending
har hamēšι, uninterrupted
har hamēšι, continual
hāpιʦ,bear
hār,June
harahιr karinʸ,to fight
harāmkə̄rī,fornication
harahar,fight
har,quarrel
har, fight
har, dispute
harfι-pat-harfι,verbatim
harfι-pat-harfι, word for word
harfι-pat-harfι, exactly
harfι-pat-harfι, literally
harfι-pat-harfι, accurately
hartāl,strike
harf ba harf,verbatim
harf ba harf, exactly
harf ba harf, word for word
harf ba harf, to the letter
harf,letter
harf, words
hardam,each time
hardam, every time
harkār,spy
harkār, secret agent
harkār, detective
hargah,otherwise
hargah, or else
hargah, if not
hārun,fail
hārun, disappointed
hargiz,in the least
hargiz, the least bit
hargiz, remotely
hargiz, at all
harārat,temperature
harhǝmēšι rozanwōl,forever
harhǝmēšι rozanwōl, for all time
harhǝmēšι rozanwōl, for eternity
harhǝmēšι rozanwōl, until the end of time
haš,mother-in-law
haš mə̄j,wife’s mother
haš mə̄j, mother-in-law
harud,harvest
harud, yield
harud, return
hasd,unkindness
hasd, jealousy
hasd, spitefulness
hasd, nastiness
hasd, covetousness
hasd, envy
hasdī,jealous
hasdī, green
hasdī, green-eyed
hasdī, envious
hasdī, resentful
hāši,margin
hatā,hallo!
hatay,hallo!
haspatāl,hospital
hatʰ,hundred
haṭāwun,to remove
haṭāwun, take away
haṭāwun, get rid of
haṭāwun, do away with
haṭāwun, eradicate
haṭāwun, detach
hawā,airstream
hawā, current of air
hawā, breeze
hatʸum,hundredth
hatsā,hallo!
hawā cʸon,to blow
hawā cʸon, breeze
hawā cʸon, blast of air
hawā cʸon, gust of air
hawālι,deposit
hawālι, set down
hawālι, put down
hawālι, place
hawālι, payment
hǝrsι,traditional dish of meat and saffron
hawālι karun,assign
hawālι karun, hand over
hawālι karun, trust
hawālι karun, consign
hāy,spider web
hāv bāv karun,good deal
hāv bāv karun, good buy
hāv bāv karun, haggle
hāv bāv karun, negotiate
hāv bāv karun, bargain
hawādakι,whiff
hāwun,disclose
hāwun, unveil
hāwun, make known
hāwun, relate
hāwun, release
hayā,modesty
hayā, reticence
hayā, humility
hayā, reserve
hayādār,modest
hayādār, self-effacing
hayādār, humble
hayādār, reserved
hayādār, simple
hawə̄liyet,support
hawə̄liyet, assistance
hawə̄liyet, defense
hawə̄liyet, backing
haya,hello!
hazrat,saint
hazrat, one blessed in heaven
hāywān,quadruped
hāywān, four-footed animal
hazm karun,digest
hazm karun, absorb
hazm karun, take in
hazm karun, summarize
hazm karun, process
hazm karun, grasp
hɔcʰer,drought
hɔcʰer, lack
hɔʦun,rot
hɔʦun, decompose
hɔʦun, decay
hɔʦun, perish
hecʰimut,learned
hǝcʰmιʦ,withered
hǝcʰmιʦ, shrunken
hǝcʰmιʦ, thin
hecʰnāwun,to teach
hecʰnāwun, to impart knowledge
hecʰnāwun, educate
hecʰun,learn
hecʰun, practice
heḍar,mushroom
heḍḍun,ridicule
heḍḍun, mock
heḍḍun, make fun of
heḍḍun, tease
hǝhar,brother-in-law
hehrιbāb,father-in-law
hekanwōl,strong
hekanwōl, muscular
hekanwōl, tough
hekanwōl, hard-wearing
hekat,strength
hekat, power
hͻʦ,authority
hͻʦ, power
hͻʦ, ruler
hekun,able to
hekun, capable of
hekun, equipped
hekun, prepared
hǝna ṭʰιrit,after a while
hǝna ṭʰιrit, after some time
hendwend,water melon
hendwendι kul,water melon plant
hēr,scaling ladder
hēr, a stair case
hǝs daⁿd,ivory
hǝrud,Autumn
hǝṭ,wood
hǝṭ, firewood
hǝṭ, timber
hendιwend bʸōl,water melon seed
hēzι,cholera
hēzι, a severe
hēzι, infectious intestinal disease
hīh,jasmine
hilāt,waistband
hilāt, belt
himmat,courage
himmat, bravery
himmat, guts
himmat, daring
himmat, audacity
hindustə̄n,īndian
hinι,neigh
hisāb kitāb,account ledger
hisāb kitāb, sums
hisāb kitāb, computation
hisāb karun,reckon
hisāb karun, calculate
hisāb karun, add up
hisāb karun, total
hisāb karun, count
hisāb tʰāwun,account
hisāb tʰāwun, description
hisāb tʰāwun, version
hisāb tʰāwun, explanation
hitʰ,pretext
hitʰ, excuse
hitʰ, ploy
hitʰ, alleged reason
hisāb,bill
hisāb, statement
hisāb, check
hisāb, receipt
hisāb, cost
hisāb, balance
hisāb, price
hisāb, debt
hišerʸ karun,compare
hišerʸ karun, match up to
hišerʸ karun, put side by side
hišerʸ karun, balance
hišerʸ karun, evaluate
hissι,& v. share
hissι, part
hissι, portion
hissι, piece
hissι, split
hissι, divide
hissι, divide up
hiyul,cluster
hiyul, bunch
hiyul, gather
hiyul, come together
hokʰ gāsι,straw
hiyuv,level
hiyuv, smooth
hiyuv, flat
hokʰ,dry
hokʰ, dried out
hokʰ, waterless
hokʰ, arid
hol,flank
hol, waist
hͻcʰ,dried up
hͻcʰ, shrinked
hͻcʰ, drooped
hͻcʰ, become weakened
hokʰmut,dried out
hokʰmut, dehydrated
hokʰmut, ironic
holι,oblique
holι, slanting
holι, at an angle
holι, indirect
hamsāybāy,neighbour
holι,crock
holι, crooked
holι, bent person
holι, not straight person
hoⁿgenʸ,chin
hoⁿgenʸ, jowl
hōr,thither
hōr, to or towards that place
hōrun,repay
hōrun, pay back
hamə̄m,in winters
hos,elephant
hosinʸ,elephant
hōšyāri,cleverness
hōšyāri, cunning
hōšyāri, quickness
hōšyāri, expertise
hōšyāri, adeptness
hōšyār,clever
hōšyār, skilled
hōšyār, bright
hōšyār, smart
hōšyār, witty
hājat,need
hājat, beg
hājat, pray
hājat, ask humbly for
hājat, beseech
hōšanmanz,conscious
hōšanmanz, informed
hōšanmanz, well-versed
hōšanmanz, educated
hōš,vigilant
hōš, watchful
hōš, alert
hōš, attentive
hōš, aware
hōš, observant
hōš, wary
